trip_id,datetime,origin_lat,origin_lon,reason,missed_revenue
TRIP_000113,2025-01-16 00:33:55.536519,37.78851344294057,-122.5327235117739,excessive_pickup_time,8.947025094473886
TRIP_000127,2025-01-16 00:40:06.571596,37.84762682500461,-122.45664127683453,excessive_pickup_time,12.622461334199329
TRIP_000177,2025-01-16 00:58:10.760957,37.67180211843194,-122.43303661432927,excessive_pickup_time,13.068225087319032
TRIP_000187,2025-01-16 01:00:28.317238,37.720014701253,-122.33620343221914,excessive_pickup_time,11.005964840815636
TRIP_000191,2025-01-16 01:01:37.003027,37.762224465600625,-122.32924861039541,excessive_pickup_time,10.040471168705745
TRIP_000198,2025-01-16 01:03:04.524690,37.7336698319609,-122.51283112768132,excessive_pickup_time,4.711647932256375
TRIP_000204,2025-01-16 01:05:02.200514,37.748690882773325,-122.35290293813041,excessive_pickup_time,9.003392506749071
TRIP_000206,2025-01-16 01:05:43.615130,37.80439615888218,-122.34598789524242,excessive_pickup_time,11.789069497497177
TRIP_000209,2025-01-16 01:06:25.215528,37.666342238068935,-122.41132627263929,excessive_pickup_time,10.431690770921008
TRIP_000217,2025-01-16 01:09:06.337986,37.6797115323517,-122.40255274589184,excessive_pickup_time,12.863254636641233
TRIP_000237,2025-01-16 01:15:05.179892,37.696471801807306,-122.44388660253219,excessive_pickup_time,9.44645855651466
TRIP_000252,2025-01-16 01:21:30.955066,37.74236185592413,-122.35294622599761,excessive_pickup_time,9.61267852878377
TRIP_000254,2025-01-16 01:21:41.278138,37.74165410167427,-122.4501364144034,no_available_vehicles,9.308914626364622
TRIP_000255,2025-01-16 01:21:51.163606,37.725876156694625,-122.55504787214525,excessive_pickup_time,10.828336192156295
TRIP_000260,2025-01-16 01:23:13.655428,37.77852688560262,-122.31833341463816,excessive_pickup_time,11.504369772399135
TRIP_000261,2025-01-16 01:24:04.770726,37.8179238376544,-122.34419330065339,excessive_pickup_time,7.351015361996206
TRIP_000337,2025-01-16 01:48:18.104323,37.708594364312574,-122.33695598880236,excessive_pickup_time,5.412912190316867
TRIP_000338,2025-01-16 01:48:32.780624,37.760985952123264,-122.36404056731278,excessive_pickup_time,6.378737451005836
TRIP_000344,2025-01-16 01:49:53.666326,37.81698041875013,-122.34300637649146,excessive_pickup_time,3.691211986153412
TRIP_000346,2025-01-16 01:50:17.001095,37.682234869729015,-122.43143928519079,excessive_pickup_time,7.615412847708814
TRIP_000349,2025-01-16 01:51:39.773657,37.74945492397837,-122.36793893547168,excessive_pickup_time,6.5819389718826224
TRIP_000351,2025-01-16 01:51:58.976992,37.75515546602332,-122.31615760017381,excessive_pickup_time,10.264257849441261
TRIP_000362,2025-01-16 01:53:51.489367,37.766617168673704,-122.44216173929377,excessive_pickup_time,6.880667895983617
TRIP_000370,2025-01-16 01:56:34.825871,37.67955248175493,-122.3838837686078,excessive_pickup_time,5.17716277441804
TRIP_000377,2025-01-16 01:57:58.348555,37.794918298139166,-122.45683966119296,no_available_vehicles,7.54604329183167
TRIP_000378,2025-01-16 01:57:59.072344,37.702914195391266,-122.47513092443974,no_available_vehicles,6.8752284227150735
TRIP_000379,2025-01-16 01:57:59.696181,37.66873745337851,-122.44460562310752,no_available_vehicles,7.8340553833963344
TRIP_000380,2025-01-16 01:58:39.468251,37.81735382119628,-122.4334562795965,no_available_vehicles,8.326417305220744
TRIP_000382,2025-01-16 02:00:07.411053,37.66913039317765,-122.40103008731245,excessive_pickup_time,4.539120076016375
TRIP_000383,2025-01-16 02:00:08.581818,37.82078993194856,-122.48076319727271,excessive_pickup_time,6.44416707330434
TRIP_000456,2025-01-16 02:26:53.746989,37.74663037798424,-122.34900292447642,excessive_pickup_time,5.397170931455772
TRIP_000457,2025-01-16 02:27:10.478509,37.71990315254188,-122.33649775641767,excessive_pickup_time,4.7028295663150175
TRIP_000464,2025-01-16 02:28:59.723230,37.69265172233811,-122.36668044227177,excessive_pickup_time,10.045776151690216
TRIP_000472,2025-01-16 02:30:50.612106,37.71919617269533,-122.55621679317635,excessive_pickup_time,7.431217703171342
TRIP_000473,2025-01-16 02:30:55.190524,37.70119855543138,-122.46614068602472,excessive_pickup_time,6.36219218108807
TRIP_000474,2025-01-16 02:31:03.889238,37.75304781514047,-122.53094361852354,excessive_pickup_time,4.252970395315073
TRIP_000475,2025-01-16 02:31:06.254217,37.77881433723592,-122.5611519905093,excessive_pickup_time,4.630578232086828
TRIP_000481,2025-01-16 02:33:49.621400,37.7945084409826,-122.53823365817576,excessive_pickup_time,9.617908367639517
TRIP_000535,2025-01-16 02:53:13.922884,37.838426782779095,-122.4985226614958,excessive_pickup_time,13.16625447705475
TRIP_000539,2025-01-16 02:54:05.740812,37.81724439436466,-122.54960220603017,excessive_pickup_time,10.973307330082129
TRIP_000550,2025-01-16 02:57:30.661196,37.830306793017016,-122.47642302512037,excessive_pickup_time,11.442037956093008
TRIP_000554,2025-01-16 02:57:54.279404,37.81329125137517,-122.45320092960799,excessive_pickup_time,4.102234757295394
TRIP_000555,2025-01-16 02:58:28.599613,37.75102754452959,-122.39150873387472,excessive_pickup_time,6.967182789536077
TRIP_000557,2025-01-16 02:59:48.949483,37.69840424925431,-122.38071302474752,excessive_pickup_time,6.194560623407285
TRIP_000558,2025-01-16 03:00:10.602645,37.765257337508054,-122.31506733788531,excessive_pickup_time,8.842217775533776
TRIP_000566,2025-01-16 03:02:55.232674,37.78945187086303,-122.36527833827684,excessive_pickup_time,7.131633694108509
TRIP_000574,2025-01-16 03:05:39.810793,37.82923602879559,-122.53795640521219,excessive_pickup_time,4.177701753871516
TRIP_000576,2025-01-16 03:05:57.993375,37.86334724303663,-122.45883202172085,excessive_pickup_time,11.381691370195865
TRIP_000589,2025-01-16 03:10:18.622750,37.734993808305376,-122.51179294169481,excessive_pickup_time,10.170784317833352
TRIP_000594,2025-01-16 03:11:36.065307,37.702076370653316,-122.41041242746425,excessive_pickup_time,10.51646589463192
TRIP_000595,2025-01-16 03:11:55.189375,37.68850593766032,-122.3886654863153,excessive_pickup_time,5.106964048051825
TRIP_000601,2025-01-16 03:12:31.156872,37.77990764132367,-122.51059739022047,excessive_pickup_time,7.721922447537773
TRIP_000603,2025-01-16 03:13:22.533765,37.74444281615935,-122.48779977812447,excessive_pickup_time,9.308602596134442
TRIP_000608,2025-01-16 03:14:49.837176,37.84789170079002,-122.49881438636572,excessive_pickup_time,10.235716362798472
TRIP_000609,2025-01-16 03:15:03.532187,37.79127879984062,-122.49040013931243,excessive_pickup_time,5.2804430729331004
TRIP_000692,2025-01-16 03:47:19.798446,37.75477321510278,-122.56839162399888,excessive_pickup_time,8.714652557259393
TRIP_000696,2025-01-16 03:48:06.782991,37.74146657358187,-122.47237631385548,excessive_pickup_time,5.702016022569285
TRIP_000706,2025-01-16 03:51:05.229167,37.732813059930585,-122.51656618261701,excessive_pickup_time,6.917375533511814
TRIP_000709,2025-01-16 03:51:38.312979,37.736297671465785,-122.46791197512596,excessive_pickup_time,8.93631183700369
TRIP_000711,2025-01-16 03:52:14.653283,37.7434347895456,-122.56764876407655,excessive_pickup_time,10.99632592614404
TRIP_000718,2025-01-16 03:53:37.604308,37.81637861424103,-122.4925015602034,excessive_pickup_time,7.79754620203665
TRIP_000722,2025-01-16 03:55:16.835655,37.68136365870375,-122.43001941074563,excessive_pickup_time,10.232815125295602
TRIP_000800,2025-01-16 04:23:22.905867,37.774317734717705,-122.54045606873669,excessive_pickup_time,4.2029867143447595
TRIP_000906,2025-01-16 05:02:39.616181,37.675876187218556,-122.42304173078632,excessive_pickup_time,9.224986961399136
TRIP_000970,2025-01-16 05:23:07.681592,37.77265895920755,-122.5047463846893,excessive_pickup_time,10.43957373292076
TRIP_000975,2025-01-16 05:24:00.002951,37.67248244940456,-122.4831373220345,excessive_pickup_time,7.668492071494182
TRIP_000976,2025-01-16 05:24:08.894103,37.67877607684209,-122.47969652395771,excessive_pickup_time,12.610119841676436
TRIP_000980,2025-01-16 05:25:06.372163,37.68775445788565,-122.37786853038227,excessive_pickup_time,11.88390125236281
TRIP_000983,2025-01-16 05:25:50.398165,37.757585609379134,-122.53477138620532,excessive_pickup_time,7.229657881307275
TRIP_000985,2025-01-16 05:26:35.152728,37.85842507392866,-122.45995647067059,excessive_pickup_time,6.194777662958735
TRIP_000986,2025-01-16 05:26:39.518990,37.81229626527568,-122.48055825541887,excessive_pickup_time,5.526485675121687
TRIP_000993,2025-01-16 05:29:29.522867,37.84914373098336,-122.45943474822933,excessive_pickup_time,7.760645061138976
TRIP_001000,2025-01-16 05:31:00.467083,37.785505366811314,-122.32238034906555,no_available_vehicles,11.1409647866452
TRIP_001002,2025-01-16 05:31:17.454025,37.77684435090685,-122.52427390644917,no_available_vehicles,8.976602085178847
TRIP_001003,2025-01-16 05:31:33.281157,37.71129137641408,-122.48173014286755,no_available_vehicles,9.436608998734108
TRIP_001004,2025-01-16 05:31:42.617002,37.82184224696067,-122.39466824164354,no_available_vehicles,10.17307374671445
TRIP_001005,2025-01-16 05:32:05.773095,37.83936030974274,-122.52113547815809,excessive_pickup_time,10.272829521259633
TRIP_001013,2025-01-16 05:34:32.869891,37.75317541157128,-122.39712039651691,excessive_pickup_time,6.729751629847471
TRIP_001014,2025-01-16 05:34:37.859045,37.73638589660233,-122.35636593741108,excessive_pickup_time,8.652270579517278
TRIP_001027,2025-01-16 05:39:12.635731,37.6634484069498,-122.43485198566333,excessive_pickup_time,11.208963352215138
TRIP_001028,2025-01-16 05:39:39.112975,37.68863062503317,-122.39101287014034,excessive_pickup_time,10.142021404967938
TRIP_001043,2025-01-16 05:44:36.296441,37.67875567089346,-122.46248479734733,excessive_pickup_time,5.964267180782453
TRIP_001056,2025-01-16 05:49:17.071524,37.76207653403184,-122.47895480612371,excessive_pickup_time,4.992602534229075
TRIP_001060,2025-01-16 05:50:45.034761,37.68196097496401,-122.50520465149225,excessive_pickup_time,7.336020839831843
TRIP_001120,2025-01-16 06:12:01.083918,37.81598119774874,-122.55129068106385,excessive_pickup_time,10.303541188628277
TRIP_001122,2025-01-16 06:12:25.575943,37.68423691982662,-122.51137147793884,excessive_pickup_time,8.136863296598175
TRIP_001124,2025-01-16 06:13:12.037322,37.800169934068414,-122.55413994667592,excessive_pickup_time,7.401477460780266
TRIP_001140,2025-01-16 06:16:59.921769,37.72345125255722,-122.54170424011105,excessive_pickup_time,6.783965048424754
TRIP_001142,2025-01-16 06:17:09.350257,37.81593827192233,-122.55099100673286,excessive_pickup_time,13.45368185579172
TRIP_001152,2025-01-16 06:21:38.047906,37.727075098703956,-122.46142383708995,excessive_pickup_time,8.358413526721147
TRIP_001157,2025-01-16 06:22:33.414689,37.78007006250343,-122.35452260709893,excessive_pickup_time,12.13973476209642
TRIP_001169,2025-01-16 06:26:08.421779,37.77099990283207,-122.55465802525391,excessive_pickup_time,7.679198137357294
TRIP_001172,2025-01-16 06:26:37.514509,37.72277158968384,-122.52705357785631,excessive_pickup_time,12.051491775801926
TRIP_001173,2025-01-16 06:26:39.824192,37.81999036690059,-122.51399917790064,excessive_pickup_time,4.1004420072644
TRIP_001175,2025-01-16 06:27:25.281086,37.82496172902169,-122.34235296797841,excessive_pickup_time,8.834825132272027
TRIP_001176,2025-01-16 06:27:27.100240,37.76709467455016,-122.37058014256179,excessive_pickup_time,4.675142981734531
TRIP_001181,2025-01-16 06:28:52.049955,37.832223471589636,-122.38862020389419,no_available_vehicles,12.182323311098505
TRIP_001184,2025-01-16 06:30:07.306618,37.770951282181564,-122.55486260007369,excessive_pickup_time,7.88489417818749
TRIP_001185,2025-01-16 06:30:58.173165,37.75934897710718,-122.57092336071665,excessive_pickup_time,9.07755371934666
TRIP_001231,2025-01-16 06:43:32.491390,37.75419183901257,-122.56311496729856,excessive_pickup_time,11.364176320148465
TRIP_001238,2025-01-16 06:45:09.068893,37.69439692972726,-122.46356856044332,excessive_pickup_time,4.118643350421632
TRIP_001239,2025-01-16 06:45:12.125935,37.68617380327272,-122.4008944044534,excessive_pickup_time,6.920589531336028
TRIP_001242,2025-01-16 06:46:17.788885,37.70600415941456,-122.3530547667756,excessive_pickup_time,5.59485118907377
TRIP_001246,2025-01-16 06:48:43.263756,37.71428049665603,-122.51283010194264,excessive_pickup_time,7.2091165321235
TRIP_001249,2025-01-16 06:49:24.770788,37.67317342494257,-122.43394850572976,excessive_pickup_time,3.6829883441485483
TRIP_001257,2025-01-16 06:52:39.324740,37.70555695194688,-122.34355094069667,excessive_pickup_time,8.698501663474062
TRIP_001258,2025-01-16 06:52:54.976885,37.69658113969291,-122.35544196962422,excessive_pickup_time,4.2431451122947275
TRIP_001336,2025-01-16 07:19:00.164637,37.81795679986796,-122.53196769685074,excessive_pickup_time,10.287339429021083
TRIP_001350,2025-01-16 07:23:35.567224,37.705840682588324,-122.54632288993824,excessive_pickup_time,9.847923851289568
TRIP_001371,2025-01-16 07:29:39.053977,37.75718380086018,-122.39719491408313,excessive_pickup_time,9.866989202057205
TRIP_001377,2025-01-16 07:31:14.425978,37.767218460155185,-122.4635907767552,excessive_pickup_time,5.313609774852059
TRIP_001379,2025-01-16 07:31:25.153205,37.80595205700175,-122.5085530111287,excessive_pickup_time,12.357232463075144
TRIP_001381,2025-01-16 07:31:31.230539,37.76567333266807,-122.42303574639573,excessive_pickup_time,6.604738726169983
TRIP_001382,2025-01-16 07:31:46.665980,37.78213219503736,-122.46859147786553,excessive_pickup_time,4.3560210008103795
TRIP_001386,2025-01-16 07:34:00.094511,37.84017482641005,-122.49665230497403,excessive_pickup_time,8.233230265507885
TRIP_001393,2025-01-16 07:35:37.161954,37.70466330432984,-122.4643371900143,excessive_pickup_time,4.4318660808165
TRIP_001397,2025-01-16 07:36:32.872058,37.751431188119035,-122.37205695024072,excessive_pickup_time,11.336122345245103
TRIP_001402,2025-01-16 07:38:31.640905,37.746280656610246,-122.33280586166688,excessive_pickup_time,9.553915426931802
TRIP_001403,2025-01-16 07:38:44.292578,37.6974298472579,-122.35609800440136,excessive_pickup_time,4.4429266224259925
TRIP_001413,2025-01-16 07:40:50.691892,37.76258578435143,-122.34966209043735,excessive_pickup_time,11.421678505716013
TRIP_001420,2025-01-16 07:43:32.218005,37.699253996245154,-122.36830365831038,excessive_pickup_time,10.069153053868881
TRIP_001425,2025-01-16 07:45:11.535420,37.701892006424465,-122.3753998750773,excessive_pickup_time,11.565770238960804
TRIP_001433,2025-01-16 07:46:58.158848,37.737208470853396,-122.55077440577284,excessive_pickup_time,13.22505042535027
TRIP_001440,2025-01-16 07:48:58.417249,37.73692452377336,-122.3652119009068,excessive_pickup_time,11.302087327909517
TRIP_001441,2025-01-16 07:49:10.140522,37.756874176163656,-122.3368400697613,excessive_pickup_time,5.665406441637763
TRIP_001452,2025-01-16 07:52:17.857278,37.85106738993601,-122.38204116216042,no_available_vehicles,15.238430246102368
TRIP_001458,2025-01-16 07:55:31.461248,37.78757289976516,-122.32304299464792,excessive_pickup_time,12.71085098609215
TRIP_001465,2025-01-16 07:56:56.575176,37.687250071871595,-122.44214137665588,excessive_pickup_time,6.261903022805504
TRIP_001466,2025-01-16 07:57:05.783479,37.70125739396378,-122.4165382648417,excessive_pickup_time,12.586791339697893
TRIP_001468,2025-01-16 07:57:46.923449,37.686251641968006,-122.50663787413988,excessive_pickup_time,6.826201485080399
TRIP_001469,2025-01-16 07:57:48.881745,37.73381813716854,-122.43344423711918,excessive_pickup_time,8.385538833002283
TRIP_001516,2025-01-16 08:12:46.060597,37.69093720756944,-122.38847677058082,excessive_pickup_time,11.514850671583481
TRIP_001521,2025-01-16 08:16:05.649898,37.70753482469586,-122.49377395801642,excessive_pickup_time,9.744113966124168
TRIP_001566,2025-01-16 08:31:00.735311,37.67402681798557,-122.39488985994322,excessive_pickup_time,7.782579466762555
TRIP_001568,2025-01-16 08:31:10.478807,37.67393026705745,-122.43901642186418,excessive_pickup_time,15.284203366175122
TRIP_001569,2025-01-16 08:31:21.125397,37.70444747962469,-122.45374333214221,excessive_pickup_time,11.347170617789253
TRIP_001574,2025-01-16 08:32:37.622897,37.786859270150984,-122.37075430429164,excessive_pickup_time,9.54918970590456
TRIP_001575,2025-01-16 08:32:40.431359,37.67455426379614,-122.4118014852179,excessive_pickup_time,9.241840437137498
TRIP_001577,2025-01-16 08:33:07.622454,37.71551508062571,-122.50255237982901,excessive_pickup_time,11.104408711416937
TRIP_001578,2025-01-16 08:33:27.035274,37.743945923865034,-122.47875430733167,excessive_pickup_time,6.558386249461115
TRIP_001582,2025-01-16 08:35:07.300822,37.671325656632604,-122.46865856528635,excessive_pickup_time,13.151123715633194
TRIP_001584,2025-01-16 08:35:59.800328,37.68444672807056,-122.48055958359488,excessive_pickup_time,5.520061070144871
TRIP_001588,2025-01-16 08:37:05.139197,37.7648949224491,-122.51778670490818,excessive_pickup_time,8.230859308929862
TRIP_001589,2025-01-16 08:37:35.953356,37.67552864582466,-122.46116934739983,excessive_pickup_time,13.969858625987635
TRIP_001590,2025-01-16 08:37:44.763708,37.70317641455926,-122.46939617714396,excessive_pickup_time,7.348214555874803
TRIP_001596,2025-01-16 08:39:55.761614,37.743529254944704,-122.56491903827927,excessive_pickup_time,4.41263129060651
TRIP_001597,2025-01-16 08:40:16.146340,37.75869327815326,-122.5310506343375,excessive_pickup_time,9.483824503922095
TRIP_001598,2025-01-16 08:40:18.296900,37.66930933263568,-122.47841398405433,excessive_pickup_time,5.6488037974809915
TRIP_001602,2025-01-16 08:41:21.996529,37.68029058783181,-122.4817242889517,excessive_pickup_time,9.552912039380978
TRIP_001604,2025-01-16 08:41:50.361418,37.75109472810818,-122.56566065966865,excessive_pickup_time,10.91146684151352
TRIP_001611,2025-01-16 08:43:07.601638,37.77038314491757,-122.54591818472201,excessive_pickup_time,7.828878901329033
TRIP_001612,2025-01-16 08:43:12.391266,37.73800042982113,-122.43392574897366,excessive_pickup_time,10.577994333913376
TRIP_001613,2025-01-16 08:43:22.361271,37.759902800391394,-122.5549763896415,excessive_pickup_time,14.61584176805575
TRIP_001614,2025-01-16 08:43:33.902245,37.74078700532824,-122.34374502766624,excessive_pickup_time,13.567516897652592
TRIP_001615,2025-01-16 08:43:47.548056,37.695062102463815,-122.52762866980123,excessive_pickup_time,14.342275204349058
TRIP_001619,2025-01-16 08:44:51.449664,37.717632160939736,-122.54436758470678,excessive_pickup_time,9.895032815555581
TRIP_001626,2025-01-16 08:47:11.376556,37.72766395820437,-122.48236609599593,excessive_pickup_time,11.689198932379519
TRIP_001670,2025-01-16 09:02:55.496367,37.72108475424764,-122.36401992136186,excessive_pickup_time,8.843992751742038
TRIP_001675,2025-01-16 09:04:11.220455,37.8551949463003,-122.42575725225423,excessive_pickup_time,11.414852510728206
TRIP_001679,2025-01-16 09:05:22.848864,37.857291949467076,-122.47960445509446,excessive_pickup_time,6.087547878166935
TRIP_001707,2025-01-16 09:13:39.668035,37.797408043649284,-122.5551409072756,excessive_pickup_time,11.655367718244714
TRIP_001710,2025-01-16 09:14:01.420856,37.7138895430811,-122.44555991620477,excessive_pickup_time,6.957301741661151
TRIP_001715,2025-01-16 09:15:44.995421,37.75465325610935,-122.32838843576067,excessive_pickup_time,11.28860946065104
TRIP_001718,2025-01-16 09:16:07.557506,37.851304370089316,-122.4554569668679,excessive_pickup_time,11.370718551750965
TRIP_001725,2025-01-16 09:19:44.610179,37.66501930901835,-122.41651129564998,no_available_vehicles,5.093081129022265
TRIP_001730,2025-01-16 09:22:32.932430,37.79607372769584,-122.47720126418965,excessive_pickup_time,8.385655376697542
TRIP_001740,2025-01-16 09:25:22.721906,37.79756858251521,-122.33189341528075,excessive_pickup_time,8.570911275325091
TRIP_001777,2025-01-16 09:37:39.995508,37.76242229944963,-122.56933512483117,excessive_pickup_time,9.51564130348089
TRIP_001779,2025-01-16 09:37:42.478682,37.766825068118784,-122.5476109814325,excessive_pickup_time,9.263080437614441
TRIP_001780,2025-01-16 09:37:46.266938,37.750996489763544,-122.53737516392779,excessive_pickup_time,4.774189359503267
TRIP_001785,2025-01-16 09:39:04.415289,37.75809850928031,-122.54066296447675,excessive_pickup_time,6.833808500411313
TRIP_001803,2025-01-16 09:44:28.079078,37.685765521094474,-122.47603967062044,excessive_pickup_time,11.112545731291503
TRIP_001807,2025-01-16 09:44:55.074165,37.833595917713595,-122.52382620808721,excessive_pickup_time,12.540231222625453
TRIP_001809,2025-01-16 09:45:04.754360,37.676846393016895,-122.43205503869,no_available_vehicles,10.653632070250367
TRIP_001810,2025-01-16 09:45:21.160202,37.78268318912406,-122.50577029701266,no_available_vehicles,5.926024119634571
TRIP_001811,2025-01-16 09:45:38.976788,37.79161913321404,-122.4340869645239,no_available_vehicles,5.756917707477452
TRIP_001812,2025-01-16 09:45:41.052498,37.8529229645706,-122.49922796566659,no_available_vehicles,13.04585685003206
TRIP_001814,2025-01-16 09:46:19.375017,37.822794722372,-122.50561890166017,excessive_pickup_time,4.746345130008246
TRIP_001823,2025-01-16 09:49:33.834979,37.712436046342276,-122.54365540411806,excessive_pickup_time,7.342304457720325
TRIP_001824,2025-01-16 09:49:34.284956,37.73869222060534,-122.5162665984393,excessive_pickup_time,5.302265523792119
TRIP_001828,2025-01-16 09:50:11.417973,37.74372733833081,-122.342203121519,excessive_pickup_time,7.83154465035645
TRIP_001893,2025-01-16 10:15:32.992773,37.841518943557645,-122.38500302203971,excessive_pickup_time,11.096796886306308
TRIP_001905,2025-01-16 10:19:07.384274,37.84269880931032,-122.40292074160415,excessive_pickup_time,10.227765419103365
TRIP_001909,2025-01-16 10:20:19.231255,37.77695730825616,-122.49236097730603,excessive_pickup_time,5.851159513370811
TRIP_001932,2025-01-16 10:26:59.047046,37.681411237923,-122.50829483068784,excessive_pickup_time,13.532263653777592
TRIP_001948,2025-01-16 10:31:45.151015,37.71633759980508,-122.35532868998341,excessive_pickup_time,9.399351521723212
TRIP_001951,2025-01-16 10:32:37.841301,37.7379403008703,-122.48100347931994,excessive_pickup_time,6.949006004470111
TRIP_001952,2025-01-16 10:32:38.484619,37.71703987273472,-122.41603607006377,excessive_pickup_time,4.439232399079554
TRIP_001969,2025-01-16 10:38:33.619480,37.76851711777076,-122.37690000385619,excessive_pickup_time,3.386073822424862
TRIP_001970,2025-01-16 10:38:48.093478,37.69522892726237,-122.37985352298513,excessive_pickup_time,10.374626899745731
TRIP_001972,2025-01-16 10:39:53.040627,37.742687232460106,-122.35988501082744,excessive_pickup_time,10.69964056242607
TRIP_001973,2025-01-16 10:39:54.491972,37.82517308615227,-122.41341584960993,excessive_pickup_time,10.319887708481875
TRIP_001976,2025-01-16 10:40:28.871918,37.69741246740839,-122.34660457434006,excessive_pickup_time,10.63347175660628
TRIP_001977,2025-01-16 10:41:02.651022,37.68512977346661,-122.50712504564206,excessive_pickup_time,10.566621624525325
TRIP_001979,2025-01-16 10:41:05.622330,37.71044266159136,-122.48688583976325,excessive_pickup_time,8.400955311314263
TRIP_001981,2025-01-16 10:41:34.284919,37.68615758862825,-122.46525261632125,excessive_pickup_time,5.458924466734814
TRIP_001984,2025-01-16 10:42:16.034090,37.76513247343593,-122.35554753329049,excessive_pickup_time,6.911703863928411
TRIP_001985,2025-01-16 10:42:18.385186,37.75776056756965,-122.33422466920041,excessive_pickup_time,6.5553361068031775
TRIP_001987,2025-01-16 10:42:42.118368,37.73339138075815,-122.33848021105362,excessive_pickup_time,9.90311800814909
TRIP_001991,2025-01-16 10:44:13.225936,37.6857854290229,-122.40035521001299,excessive_pickup_time,8.114460802862986
TRIP_002043,2025-01-16 11:02:39.763711,37.840302859063875,-122.44332968048245,excessive_pickup_time,6.467847491600784
TRIP_002054,2025-01-16 11:07:21.095332,37.779056454857745,-122.53192240619576,excessive_pickup_time,8.147422661682647
TRIP_002055,2025-01-16 11:07:23.968013,37.75587005018383,-122.47687890031672,excessive_pickup_time,8.420297222092357
TRIP_002092,2025-01-16 11:23:16.936338,37.755024699183124,-122.54888463270233,excessive_pickup_time,6.022362982022212
TRIP_002095,2025-01-16 11:24:06.225018,37.754185425272645,-122.5638841116979,excessive_pickup_time,8.279219763385589
TRIP_002114,2025-01-16 11:29:37.413756,37.70333192536923,-122.37093655457907,excessive_pickup_time,9.938303664802707
TRIP_002120,2025-01-16 11:30:59.375467,37.74286591840989,-122.39494553655238,excessive_pickup_time,8.679260164324763
TRIP_002123,2025-01-16 11:31:52.619338,37.728391117672615,-122.3530488455498,excessive_pickup_time,7.359641299941692
TRIP_002127,2025-01-16 11:32:51.541711,37.68530557521438,-122.50882230184838,excessive_pickup_time,10.351657380910646
TRIP_002146,2025-01-16 11:39:44.077341,37.817881473140226,-122.35017159517615,excessive_pickup_time,8.173558286089172
TRIP_002261,2025-01-16 12:18:12.195148,37.74115107165305,-122.36888894513015,excessive_pickup_time,6.294918280565126
TRIP_002555,2025-01-16 14:03:03.595334,37.85138825060078,-122.37996255761159,excessive_pickup_time,8.157189061290513
TRIP_002559,2025-01-16 14:04:52.264006,37.858548839919926,-122.48101247032525,excessive_pickup_time,11.271592244944438
TRIP_002579,2025-01-16 14:10:11.177259,37.72849066081167,-122.49316495354823,excessive_pickup_time,7.967183019951971
TRIP_002583,2025-01-16 14:10:38.161241,37.8209954608259,-122.49970966670872,excessive_pickup_time,7.704706007858538
TRIP_002610,2025-01-16 14:21:11.174775,37.86165900589809,-122.4215276372417,excessive_pickup_time,8.877395734486644
TRIP_002611,2025-01-16 14:21:16.568647,37.86430744626476,-122.44871059238443,excessive_pickup_time,4.870102708441575
TRIP_002615,2025-01-16 14:22:22.418441,37.69716501278578,-122.39921489388948,excessive_pickup_time,4.7672772031292965
TRIP_002616,2025-01-16 14:22:26.997948,37.73457617565942,-122.35651741850845,excessive_pickup_time,6.800574043559466
TRIP_002618,2025-01-16 14:22:36.738953,37.714426738141036,-122.43263455836862,no_available_vehicles,7.190797953377927
TRIP_002619,2025-01-16 14:22:46.630249,37.74411547578166,-122.53117691701769,no_available_vehicles,8.411245381670591
TRIP_002620,2025-01-16 14:22:57.438102,37.83302511833576,-122.47668921441351,no_available_vehicles,6.565740322628619
TRIP_002621,2025-01-16 14:23:13.185173,37.847154144238765,-122.46140196918432,no_available_vehicles,8.998959703189925
TRIP_002622,2025-01-16 14:23:39.723754,37.6939301641358,-122.5189399240437,excessive_pickup_time,5.426963871069059
TRIP_002624,2025-01-16 14:24:04.352272,37.679705936783186,-122.4209404058401,excessive_pickup_time,9.704632572603089
TRIP_002627,2025-01-16 14:24:57.320723,37.73671803069764,-122.36688017647663,excessive_pickup_time,10.151061888656997
TRIP_002630,2025-01-16 14:26:12.405332,37.78900512092399,-122.55406711720657,excessive_pickup_time,7.9792656478898225
TRIP_002634,2025-01-16 14:27:59.835081,37.82561506430363,-122.51440393397809,excessive_pickup_time,12.841420995738748
TRIP_002636,2025-01-16 14:28:39.185446,37.792406910031744,-122.530098868908,excessive_pickup_time,10.403703808423732
TRIP_002637,2025-01-16 14:29:34.744351,37.80875558631293,-122.51899568495499,excessive_pickup_time,9.234858201481654
TRIP_002640,2025-01-16 14:30:12.216508,37.695054414079806,-122.48984295914934,excessive_pickup_time,8.102352609240073
TRIP_002641,2025-01-16 14:30:17.391513,37.70858670021008,-122.54351013476432,excessive_pickup_time,13.553050495605516
TRIP_002642,2025-01-16 14:30:24.447432,37.67527545117992,-122.3807941302714,excessive_pickup_time,11.849720970524372
TRIP_002643,2025-01-16 14:30:46.759849,37.802762355728035,-122.51991087390726,excessive_pickup_time,10.213729101276181
TRIP_002648,2025-01-16 14:33:02.288538,37.85129924447368,-122.45652077803828,no_available_vehicles,6.864793581058753
TRIP_002649,2025-01-16 14:33:06.997907,37.77323500767414,-122.4969376578722,no_available_vehicles,4.012975028947946
TRIP_002650,2025-01-16 14:33:35.982001,37.7321179466856,-122.36038688563582,no_available_vehicles,9.80423875849664
TRIP_002652,2025-01-16 14:35:24.311322,37.83491107862516,-122.39624571961214,excessive_pickup_time,10.456195144266973
TRIP_002656,2025-01-16 14:36:45.556816,37.7619098980054,-122.38072952573685,excessive_pickup_time,5.42514909514443
TRIP_002663,2025-01-16 14:39:41.005967,37.69096855563949,-122.37746460432297,excessive_pickup_time,9.888783515581268
TRIP_002664,2025-01-16 14:39:47.408007,37.72884386134121,-122.41369013747989,excessive_pickup_time,8.224244856592566
TRIP_002667,2025-01-16 14:40:54.438526,37.77412508254842,-122.51124028943816,excessive_pickup_time,10.791068089755735
TRIP_002668,2025-01-16 14:40:54.661052,37.844691507691785,-122.44550745180237,excessive_pickup_time,11.407891639209716
TRIP_002669,2025-01-16 14:41:19.523880,37.84472362113196,-122.38922693895947,excessive_pickup_time,6.169389276278858
TRIP_002671,2025-01-16 14:41:55.121194,37.80515846486079,-122.45265548976288,excessive_pickup_time,5.176039965292229
TRIP_002673,2025-01-16 14:42:19.328570,37.82258689562201,-122.35772718495281,excessive_pickup_time,6.6573298164826165
TRIP_002674,2025-01-16 14:42:29.081881,37.844814469920124,-122.42478326470483,excessive_pickup_time,12.325684664009163
TRIP_002679,2025-01-16 14:44:04.184219,37.713683863790365,-122.52165894014105,no_available_vehicles,6.916972088950715
TRIP_002680,2025-01-16 14:44:20.330377,37.849653840896565,-122.44313163000874,no_available_vehicles,10.356856136946448
TRIP_002681,2025-01-16 14:44:32.511623,37.803346603713294,-122.51410190772185,excessive_pickup_time,3.778733316128097
TRIP_002687,2025-01-16 14:46:43.810219,37.715655887755936,-122.55516271479877,no_available_vehicles,12.950469449512113
TRIP_002688,2025-01-16 14:47:12.590092,37.69254585363617,-122.5067526323804,excessive_pickup_time,8.282962468563271
TRIP_002689,2025-01-16 14:48:14.348438,37.733961227254966,-122.54943234996436,excessive_pickup_time,6.743182636617323
TRIP_002691,2025-01-16 14:48:34.505595,37.767546086062715,-122.46170163563636,no_available_vehicles,7.230820249683696
TRIP_002692,2025-01-16 14:48:44.681034,37.71877564804283,-122.48956200080893,no_available_vehicles,10.817925721709098
TRIP_002693,2025-01-16 14:48:46.708941,37.849672965417376,-122.3850023781033,no_available_vehicles,7.6292964774255
TRIP_002695,2025-01-16 14:49:22.768847,37.7379785875749,-122.35439382071802,excessive_pickup_time,7.988462094947171
TRIP_002697,2025-01-16 14:50:28.071010,37.69076656355413,-122.36202414653955,no_available_vehicles,8.726796888848028
TRIP_002698,2025-01-16 14:50:30.832906,37.75625088073527,-122.35490891551369,no_available_vehicles,4.840221800673138
TRIP_002700,2025-01-16 14:51:24.763082,37.689471034964214,-122.39047068070833,no_available_vehicles,10.890661829537141
TRIP_002701,2025-01-16 14:51:36.124625,37.75474627501487,-122.4584054182427,no_available_vehicles,3.978620025798443
TRIP_002702,2025-01-16 14:51:48.699223,37.770193403137206,-122.54088846296786,no_available_vehicles,4.384145274365238
TRIP_002704,2025-01-16 14:52:06.767104,37.81812088197958,-122.36179688557637,no_available_vehicles,11.247474662716494
TRIP_002705,2025-01-16 14:52:13.160207,37.83232145096834,-122.52805868709808,no_available_vehicles,8.128950241963427
TRIP_002707,2025-01-16 14:53:30.865590,37.79304683842318,-122.40123345115266,no_available_vehicles,10.20061216027002
TRIP_002708,2025-01-16 14:53:36.112335,37.71437284389617,-122.40842356101047,no_available_vehicles,7.948329609903791
TRIP_002709,2025-01-16 14:54:19.886416,37.80037653213635,-122.3532939820838,no_available_vehicles,3.387953050172131
TRIP_002710,2025-01-16 14:54:21.080970,37.794403486339384,-122.3518879425201,no_available_vehicles,9.886009752290322
TRIP_002711,2025-01-16 14:54:35.585129,37.727166155516024,-122.36843036276038,no_available_vehicles,10.55678948161923
TRIP_002712,2025-01-16 14:55:46.511778,37.689230974676235,-122.51905053570947,no_available_vehicles,13.62391585286665
TRIP_002713,2025-01-16 14:56:20.635514,37.71769450683959,-122.4062038197885,no_available_vehicles,4.579374855417024
TRIP_002714,2025-01-16 14:56:33.255308,37.70155212578047,-122.49460466813743,no_available_vehicles,10.112528036707413
TRIP_002715,2025-01-16 14:56:44.154586,37.756936422146076,-122.44277442178426,no_available_vehicles,7.090558411090736
TRIP_002716,2025-01-16 14:56:48.635084,37.786757739596325,-122.33782230480524,no_available_vehicles,13.065719184907792
TRIP_002717,2025-01-16 14:57:08.783281,37.791923128631375,-122.45931791428801,no_available_vehicles,8.657262340512034
TRIP_002718,2025-01-16 14:57:09.568721,37.720977318287424,-122.37893914952353,no_available_vehicles,7.145903097359342
TRIP_002719,2025-01-16 14:57:10.609566,37.66320853194484,-122.43234386944467,no_available_vehicles,13.926976843262324
TRIP_002720,2025-01-16 14:57:34.220028,37.761241460113844,-122.465992666642,no_available_vehicles,7.074976275494671
TRIP_002721,2025-01-16 14:57:52.388700,37.78589972949718,-122.3549345422073,no_available_vehicles,11.998029489310264
TRIP_002723,2025-01-16 14:57:59.374694,37.722376410498576,-122.43977901782111,no_available_vehicles,4.764906223370987
TRIP_002724,2025-01-16 14:58:03.617973,37.80705196894609,-122.46185117147326,no_available_vehicles,8.067714196140106
TRIP_002726,2025-01-16 14:58:47.590062,37.730886052494355,-122.33885787604477,no_available_vehicles,7.593326375367539
TRIP_002727,2025-01-16 14:59:15.829403,37.69604756695688,-122.37046093682882,no_available_vehicles,8.51343689868773
TRIP_002728,2025-01-16 14:59:28.644719,37.68809852439684,-122.49780247556684,no_available_vehicles,3.525729292659638
TRIP_002729,2025-01-16 14:59:28.905492,37.84840789979765,-122.41922538664524,no_available_vehicles,7.447238564832459
TRIP_002731,2025-01-16 15:00:21.106034,37.81176966821299,-122.4352686298035,no_available_vehicles,5.40870817566028
TRIP_002733,2025-01-16 15:01:08.320067,37.76085364245611,-122.55504678700767,excessive_pickup_time,6.61882099977741
TRIP_002734,2025-01-16 15:01:27.996470,37.81294029420349,-122.52402019911543,excessive_pickup_time,11.320839102065218
TRIP_002736,2025-01-16 15:02:29.515803,37.770413812251554,-122.34864168268658,no_available_vehicles,6.728904971119881
TRIP_002737,2025-01-16 15:03:19.436878,37.822967158058894,-122.52877298302376,no_available_vehicles,5.938422581329952
TRIP_002738,2025-01-16 15:03:23.600599,37.80351028424848,-122.4134295772273,no_available_vehicles,6.9017442256660395
TRIP_002739,2025-01-16 15:03:29.382421,37.74741450494846,-122.31889329230272,no_available_vehicles,10.682924255032724
TRIP_002740,2025-01-16 15:03:36.488975,37.75756589711038,-122.4289760696154,no_available_vehicles,5.878155822158812
TRIP_002742,2025-01-16 15:04:08.255308,37.73573633229601,-122.34230474627601,no_available_vehicles,8.530392749608446
TRIP_002744,2025-01-16 15:04:52.471204,37.86034450890755,-122.47486826633894,no_available_vehicles,8.304623081608796
TRIP_002745,2025-01-16 15:04:58.284183,37.80643204276799,-122.52810198795248,no_available_vehicles,10.343924669806599
TRIP_002746,2025-01-16 15:05:06.595523,37.84653980733031,-122.41357486239806,no_available_vehicles,9.006529091603642
TRIP_002747,2025-01-16 15:05:42.580742,37.759604447842484,-122.32703952299369,no_available_vehicles,10.591698586164862
TRIP_002748,2025-01-16 15:05:43.456823,37.7215073342833,-122.49989926329744,no_available_vehicles,8.965062779627402
TRIP_002749,2025-01-16 15:05:46.640339,37.68471203456158,-122.39114744396711,no_available_vehicles,9.045296722750642
TRIP_002750,2025-01-16 15:05:46.702577,37.779006364294766,-122.46889124508633,no_available_vehicles,7.573451653962262
TRIP_002751,2025-01-16 15:05:59.188118,37.84327406999882,-122.50102833912493,no_available_vehicles,9.245567980985882
TRIP_002752,2025-01-16 15:06:04.647560,37.82634558503304,-122.43709491808383,no_available_vehicles,11.07424121141378
TRIP_002753,2025-01-16 15:06:13.008719,37.78530257957025,-122.5081136103291,no_available_vehicles,5.294808210618937
TRIP_002754,2025-01-16 15:06:31.902824,37.770521026765785,-122.54414986569851,no_available_vehicles,9.520066415738116
TRIP_002755,2025-01-16 15:06:41.574195,37.730400634411936,-122.53994039941931,no_available_vehicles,7.795700440371788
TRIP_002756,2025-01-16 15:06:44.857927,37.844228722182926,-122.45937704700624,no_available_vehicles,9.210737968094623
TRIP_002758,2025-01-16 15:07:06.603935,37.85736556700305,-122.4597226592682,no_available_vehicles,7.929853602851457
TRIP_002759,2025-01-16 15:07:08.249193,37.77573322453467,-122.53517685282316,no_available_vehicles,10.337646596038997
TRIP_002760,2025-01-16 15:07:35.386822,37.79371128944975,-122.52057573111978,no_available_vehicles,5.596235815740183
TRIP_002761,2025-01-16 15:07:35.556141,37.72407135330369,-122.5083605974281,no_available_vehicles,9.423159171175588
TRIP_002762,2025-01-16 15:08:13.237274,37.68128641390262,-122.51075222920494,no_available_vehicles,13.474123865101529
TRIP_002763,2025-01-16 15:08:50.358495,37.84839594546805,-122.47825217553307,no_available_vehicles,12.797941703384659
TRIP_002764,2025-01-16 15:08:58.572127,37.73460611097782,-122.53504760076794,no_available_vehicles,10.359916173506736
TRIP_002765,2025-01-16 15:09:00.113545,37.82457134217142,-122.41215121810095,no_available_vehicles,6.366259233385124
TRIP_002766,2025-01-16 15:09:15.619920,37.688131635324645,-122.38667025285629,no_available_vehicles,13.143482142573637
TRIP_002767,2025-01-16 15:09:37.507430,37.82561577234479,-122.51965069074195,excessive_pickup_time,8.330267318416752
TRIP_002769,2025-01-16 15:09:52.016716,37.83765594591906,-122.5288983119928,no_available_vehicles,11.615685296551694
TRIP_002770,2025-01-16 15:10:21.934227,37.72538884300733,-122.42581887716814,no_available_vehicles,9.395227176850502
TRIP_002772,2025-01-16 15:11:39.682551,37.78480235707412,-122.50044914476683,excessive_pickup_time,8.71632758683029
TRIP_002774,2025-01-16 15:12:33.922262,37.757519641090454,-122.35157291524139,no_available_vehicles,4.204063011674596
TRIP_002775,2025-01-16 15:12:35.389690,37.72453591500288,-122.49723760972412,no_available_vehicles,6.079956409540367
TRIP_002776,2025-01-16 15:12:43.883623,37.736228381368186,-122.35430298378517,no_available_vehicles,10.506005188946194
TRIP_002777,2025-01-16 15:12:47.916611,37.704800681719156,-122.433389617221,no_available_vehicles,9.140320102397734
TRIP_002779,2025-01-16 15:12:57.938062,37.704629476648,-122.50450998179286,excessive_pickup_time,12.628030079143237
TRIP_002780,2025-01-16 15:13:03.565776,37.67065479899622,-122.39960280799346,excessive_pickup_time,12.658482256341003
TRIP_002781,2025-01-16 15:13:33.053375,37.70831377993238,-122.43807418571069,excessive_pickup_time,6.697028873207913
TRIP_002786,2025-01-16 15:15:13.623273,37.69804482830542,-122.40958011116844,no_available_vehicles,7.466170807491676
TRIP_002787,2025-01-16 15:15:14.941112,37.69868328763275,-122.46417664483678,no_available_vehicles,11.599604446829224
TRIP_002788,2025-01-16 15:15:22.034536,37.82534543681042,-122.51078794184177,no_available_vehicles,11.149070886716384
TRIP_002790,2025-01-16 15:16:34.146086,37.74062343031691,-122.36217530132984,no_available_vehicles,11.927836354030084
TRIP_002791,2025-01-16 15:16:37.350581,37.723012280248184,-122.41919995977229,no_available_vehicles,8.723838025533375
TRIP_002792,2025-01-16 15:17:07.533828,37.7976971825609,-122.39339829863712,no_available_vehicles,9.827609851650573
TRIP_002793,2025-01-16 15:17:18.502595,37.76437886591261,-122.34614039294019,no_available_vehicles,6.781208423869156
TRIP_002795,2025-01-16 15:19:02.927717,37.677437517505794,-122.45794705523146,no_available_vehicles,5.157825764450736
TRIP_002796,2025-01-16 15:19:05.863522,37.843807134735194,-122.46388437667352,no_available_vehicles,3.554928161649014
TRIP_002797,2025-01-16 15:19:47.010303,37.73542372079122,-122.53784162983125,no_available_vehicles,11.572606459809771
TRIP_002798,2025-01-16 15:19:50.642936,37.71305386704062,-122.54270712380442,no_available_vehicles,13.094386488262852
TRIP_002799,2025-01-16 15:20:10.528581,37.79093413761268,-122.39423364569032,no_available_vehicles,9.8979752559788
TRIP_002800,2025-01-16 15:20:13.879899,37.67749069301204,-122.3927795795602,no_available_vehicles,10.490115123291744
TRIP_002801,2025-01-16 15:20:19.367746,37.81533347357397,-122.38610490379752,no_available_vehicles,7.77070355728675
TRIP_002802,2025-01-16 15:20:43.608978,37.777454895153966,-122.3249948650593,no_available_vehicles,8.63973372417967
TRIP_002803,2025-01-16 15:20:43.626756,37.680267229355216,-122.4039528172723,no_available_vehicles,10.76057915113031
TRIP_002805,2025-01-16 15:21:56.015137,37.76267531397762,-122.56340506449187,no_available_vehicles,6.533651011950871
TRIP_002806,2025-01-16 15:22:36.750777,37.766732646444716,-122.38501308847981,no_available_vehicles,8.173113021573581
TRIP_002807,2025-01-16 15:22:36.969454,37.77735263245453,-122.44043518086504,no_available_vehicles,6.9269993763882365
TRIP_002808,2025-01-16 15:22:39.646294,37.735330893424006,-122.43507280018119,no_available_vehicles,4.450258025766372
TRIP_002809,2025-01-16 15:23:03.732284,37.85739430639,-122.42276526232737,no_available_vehicles,6.011132361287364
TRIP_002810,2025-01-16 15:23:22.962817,37.84037513518218,-122.42038959577052,no_available_vehicles,6.095098221247627
TRIP_002811,2025-01-16 15:23:31.134516,37.76207981201475,-122.53253331581249,no_available_vehicles,9.707010609331634
TRIP_002812,2025-01-16 15:23:36.028619,37.78162405676348,-122.48562774809119,no_available_vehicles,4.977671971127554
TRIP_002813,2025-01-16 15:24:49.330649,37.8076199792559,-122.51101122771155,no_available_vehicles,9.019510528401042
TRIP_002814,2025-01-16 15:25:19.918174,37.820451362265594,-122.46777867083841,no_available_vehicles,5.424732156686197
TRIP_002815,2025-01-16 15:25:41.489501,37.80470949314608,-122.52644411191365,no_available_vehicles,12.07312935036086
TRIP_002816,2025-01-16 15:26:07.117476,37.73839943652464,-122.53484572057283,no_available_vehicles,7.5706974061293
TRIP_002817,2025-01-16 15:26:19.885412,37.7608646059402,-122.46306277433199,no_available_vehicles,4.47857347636773
TRIP_002819,2025-01-16 15:27:36.440812,37.81294505341639,-122.55059569765079,no_available_vehicles,10.633105525907432
TRIP_002820,2025-01-16 15:27:44.157365,37.726459132375936,-122.55804806245906,excessive_pickup_time,4.699799347682191
TRIP_002821,2025-01-16 15:27:44.840801,37.77572259181345,-122.53501365088555,excessive_pickup_time,6.766924452465528
TRIP_002823,2025-01-16 15:28:00.027078,37.700117435494654,-122.48040079961753,no_available_vehicles,10.188071274264875
TRIP_002825,2025-01-16 15:28:51.667452,37.75586254887339,-122.5677689723,excessive_pickup_time,11.463815785563764
TRIP_002828,2025-01-16 15:29:31.069562,37.780767706656704,-122.45890666537903,no_available_vehicles,7.744856704740275
TRIP_002829,2025-01-16 15:29:36.361451,37.69295799485058,-122.4927331543724,no_available_vehicles,6.379967625756633
TRIP_002831,2025-01-16 15:30:26.455919,37.74181418452172,-122.54957640826801,no_available_vehicles,10.19446900571183
TRIP_002834,2025-01-16 15:31:26.076098,37.733622085051856,-122.45892866714789,no_available_vehicles,9.975808445371374
TRIP_002835,2025-01-16 15:31:40.993159,37.78705689634028,-122.40830544113777,no_available_vehicles,4.078298240494243
TRIP_002836,2025-01-16 15:31:55.603005,37.7178084855493,-122.35207440731867,no_available_vehicles,10.947825027673751
TRIP_002837,2025-01-16 15:31:57.133993,37.77123121354858,-122.4308145534387,no_available_vehicles,5.889580482800644
TRIP_002838,2025-01-16 15:32:22.072677,37.772887667980555,-122.55085989745642,no_available_vehicles,10.1793642509925
TRIP_002839,2025-01-16 15:32:36.209848,37.75788289101982,-122.33318492040634,no_available_vehicles,10.439565909692606
TRIP_002840,2025-01-16 15:32:52.851764,37.839718025732864,-122.49232191834399,no_available_vehicles,12.472034680876158
TRIP_002844,2025-01-16 15:35:24.079147,37.77594726229214,-122.33002667745218,no_available_vehicles,5.9444709793690045
TRIP_002845,2025-01-16 15:35:37.919343,37.82802227643329,-122.39942255390743,no_available_vehicles,7.591169295963705
TRIP_002847,2025-01-16 15:36:46.249435,37.674146055837674,-122.48049197478105,no_available_vehicles,4.641653720966502
TRIP_002848,2025-01-16 15:36:57.247852,37.751545189933665,-122.48056553070369,no_available_vehicles,6.130640469309887
TRIP_002849,2025-01-16 15:36:58.506070,37.823432254496964,-122.4379255698751,no_available_vehicles,11.33819149371007
TRIP_002850,2025-01-16 15:37:09.435658,37.80276513466727,-122.50367642669733,no_available_vehicles,11.493824590750048
TRIP_002851,2025-01-16 15:37:17.097254,37.82356430065023,-122.3630367351844,no_available_vehicles,12.271581662834658
TRIP_002852,2025-01-16 15:37:35.299947,37.821039679168905,-122.39510346050467,no_available_vehicles,6.095942287353237
TRIP_002853,2025-01-16 15:37:57.134950,37.749265865862334,-122.47085875999603,no_available_vehicles,5.253075321841261
TRIP_002854,2025-01-16 15:38:09.585123,37.776934716989075,-122.50207768363641,no_available_vehicles,5.522513028208923
TRIP_002855,2025-01-16 15:38:19.633574,37.76781433978971,-122.50378391935068,no_available_vehicles,9.277450984525975
TRIP_002856,2025-01-16 15:38:45.521403,37.77169980267859,-122.36372699315393,no_available_vehicles,11.060048702204154
TRIP_002857,2025-01-16 15:38:48.564430,37.817572352485,-122.43483771860238,no_available_vehicles,10.843650077444465
TRIP_002859,2025-01-16 15:40:45.140031,37.74817668332145,-122.51927062385994,no_available_vehicles,4.612963912256549
TRIP_002860,2025-01-16 15:40:57.932327,37.70938628618357,-122.46830217067367,no_available_vehicles,6.6802316037626195
TRIP_002861,2025-01-16 15:41:00.335192,37.74143764520556,-122.49582979212076,no_available_vehicles,8.702714843451826
TRIP_002862,2025-01-16 15:41:06.346777,37.791135583146826,-122.5198362410647,no_available_vehicles,7.676847496464509
TRIP_002863,2025-01-16 15:41:19.931600,37.84532076551825,-122.42923984962957,no_available_vehicles,5.147549182901992
TRIP_002864,2025-01-16 15:41:29.114272,37.74074050454439,-122.46513595624225,no_available_vehicles,4.804598899607624
TRIP_002865,2025-01-16 15:41:47.520156,37.750579502999386,-122.39472365364094,no_available_vehicles,4.204419894338237
TRIP_002866,2025-01-16 15:42:01.353285,37.80879773322599,-122.48553114521908,no_available_vehicles,9.378353368029442
TRIP_002867,2025-01-16 15:42:10.491576,37.66377780956787,-122.42995204771573,no_available_vehicles,7.6528472353397134
TRIP_002868,2025-01-16 15:42:17.754556,37.69402058864149,-122.4170050287418,no_available_vehicles,10.692817212484176
TRIP_002869,2025-01-16 15:42:41.152803,37.726327517320925,-122.33417773971381,no_available_vehicles,12.073199450980145
TRIP_002870,2025-01-16 15:42:51.488361,37.853917111273475,-122.50241258974798,no_available_vehicles,7.962475990173027
TRIP_002875,2025-01-16 15:44:28.739984,37.76785636613255,-122.42011762289134,no_available_vehicles,7.352891583962829
TRIP_002876,2025-01-16 15:44:34.514664,37.790377989212715,-122.36051811143709,no_available_vehicles,5.156723843257924
TRIP_002877,2025-01-16 15:44:52.808180,37.73178253072505,-122.42311404617715,no_available_vehicles,7.875768932041671
TRIP_002878,2025-01-16 15:45:07.820014,37.83845948948696,-122.5127222051563,excessive_pickup_time,10.062116966603813
TRIP_002879,2025-01-16 15:45:21.277446,37.81521637444469,-122.35603229732791,excessive_pickup_time,10.775869169746446
TRIP_002883,2025-01-16 15:47:28.219905,37.80181328315694,-122.52930683319386,no_available_vehicles,9.099742317327228
TRIP_002884,2025-01-16 15:47:33.820996,37.834001292018485,-122.42875247988941,no_available_vehicles,9.492212409033513
TRIP_002885,2025-01-16 15:47:37.300856,37.68173109508342,-122.51787846358746,no_available_vehicles,6.106057550497034
TRIP_002886,2025-01-16 15:47:38.112796,37.79069279609433,-122.47927830233384,no_available_vehicles,8.879096223667108
TRIP_002887,2025-01-16 15:47:44.106705,37.76923302773471,-122.4927708973218,no_available_vehicles,5.186390036340887
TRIP_002888,2025-01-16 15:47:44.551467,37.724335375029696,-122.34524014094227,no_available_vehicles,11.642325780299696
TRIP_002889,2025-01-16 15:47:48.548580,37.77412877685731,-122.46307304529772,no_available_vehicles,5.18757223193451
TRIP_002890,2025-01-16 15:47:55.908635,37.72041023593732,-122.33176113351406,no_available_vehicles,6.321727341363442
TRIP_002891,2025-01-16 15:47:57.764519,37.823751296241795,-122.47611041951845,no_available_vehicles,4.349831677537237
TRIP_002892,2025-01-16 15:48:15.562675,37.73829283860326,-122.52408516056886,excessive_pickup_time,9.46990804136371
TRIP_002893,2025-01-16 15:49:04.260789,37.67827470207651,-122.49465261436094,excessive_pickup_time,10.504315342098566
TRIP_002896,2025-01-16 15:49:18.901127,37.830434753813854,-122.39968219611967,no_available_vehicles,4.388207903232937
TRIP_002897,2025-01-16 15:49:45.113398,37.75511162516218,-122.31711516728427,no_available_vehicles,5.831032375346737
TRIP_002898,2025-01-16 15:50:15.612720,37.73820333081025,-122.42211955300859,no_available_vehicles,6.77484864023101
TRIP_002900,2025-01-16 15:51:18.614201,37.688492845870165,-122.47909097588493,no_available_vehicles,9.255288720166511
TRIP_002901,2025-01-16 15:51:25.833115,37.737888119457324,-122.42083422691726,no_available_vehicles,7.729123476811421
TRIP_002902,2025-01-16 15:51:37.774721,37.758489895636416,-122.37570552577226,no_available_vehicles,10.080103163045809
TRIP_002903,2025-01-16 15:53:06.833002,37.74619592646787,-122.35688493373162,excessive_pickup_time,10.004615854044317
TRIP_002905,2025-01-16 15:53:29.090417,37.74667129298597,-122.54960977692653,no_available_vehicles,7.2328309529094295
TRIP_002906,2025-01-16 15:53:51.413853,37.753282183219774,-122.52144233643205,no_available_vehicles,5.281379945743489
TRIP_002907,2025-01-16 15:54:00.779087,37.71617814722471,-122.54411007471978,no_available_vehicles,12.399874021577011
TRIP_002908,2025-01-16 15:54:14.202037,37.753165003455045,-122.42968921130084,no_available_vehicles,3.428672044150664
TRIP_002909,2025-01-16 15:54:15.896375,37.83792771092035,-122.51551538735332,no_available_vehicles,7.30453633441641
TRIP_002910,2025-01-16 15:54:23.688693,37.763765985259035,-122.49172624540108,no_available_vehicles,6.925098203566156
TRIP_002912,2025-01-16 15:54:49.695861,37.81835727614276,-122.3437795528008,excessive_pickup_time,9.117586874839818
TRIP_002916,2025-01-16 15:56:50.976068,37.825323737705524,-122.4151995145945,excessive_pickup_time,10.926492169279744
TRIP_002919,2025-01-16 15:57:46.695677,37.82668169375778,-122.43353214592463,no_available_vehicles,5.151391969153938
TRIP_002920,2025-01-16 15:58:11.999419,37.71548906459485,-122.33329445503156,excessive_pickup_time,8.091697596199522
TRIP_002923,2025-01-16 15:58:46.208551,37.79369259255425,-122.42411864234379,no_available_vehicles,5.475900185174494
TRIP_002926,2025-01-16 16:00:10.010035,37.75723233794288,-122.56645205594151,no_available_vehicles,9.40894667782969
TRIP_002927,2025-01-16 16:00:46.255015,37.732866056213346,-122.48792378778688,no_available_vehicles,9.46457960330963
TRIP_002929,2025-01-16 16:01:03.300838,37.709037816173755,-122.41444684566622,no_available_vehicles,6.837494316435556
TRIP_002930,2025-01-16 16:01:09.439660,37.7817477075835,-122.43646708194686,no_available_vehicles,5.328942660151408
TRIP_002931,2025-01-16 16:01:09.854700,37.76738506225131,-122.52531440983272,no_available_vehicles,5.500815971645789
TRIP_002932,2025-01-16 16:01:48.488568,37.74711204320252,-122.36067397671358,no_available_vehicles,6.146807024565216
TRIP_002933,2025-01-16 16:01:58.415908,37.8190965042938,-122.5345143993759,no_available_vehicles,8.05596998596846
TRIP_002934,2025-01-16 16:02:05.279500,37.71233320131805,-122.41228162493957,no_available_vehicles,7.977223797983264
TRIP_002935,2025-01-16 16:02:13.158124,37.68469090568543,-122.43002224497957,no_available_vehicles,7.735882979749532
TRIP_002936,2025-01-16 16:02:39.153582,37.776865226846105,-122.34190614197917,no_available_vehicles,6.434201708678698
TRIP_002941,2025-01-16 16:05:55.645213,37.85511701513472,-122.39997598542288,excessive_pickup_time,10.266574059129614
TRIP_002945,2025-01-16 16:07:06.694143,37.77598082598867,-122.36805933659232,no_available_vehicles,7.216519937700695
TRIP_002946,2025-01-16 16:08:05.600762,37.80302982847332,-122.3569187694949,no_available_vehicles,10.431994370781014
TRIP_002947,2025-01-16 16:08:08.120459,37.82161891534315,-122.35652470386883,no_available_vehicles,6.741364036523606
TRIP_002948,2025-01-16 16:08:54.454198,37.744923297560455,-122.51764348346023,no_available_vehicles,10.742732911400463
TRIP_002949,2025-01-16 16:09:11.078649,37.74026714836105,-122.32140921627361,no_available_vehicles,10.174392701998496
TRIP_002950,2025-01-16 16:09:55.614521,37.7191062274307,-122.5096010042333,no_available_vehicles,5.760423241647327
TRIP_002951,2025-01-16 16:10:04.367915,37.71251497652363,-122.3478867645149,no_available_vehicles,9.694720685863775
TRIP_002952,2025-01-16 16:10:21.105994,37.761360268644715,-122.39060941773778,excessive_pickup_time,10.162485289232567
TRIP_002954,2025-01-16 16:12:01.868746,37.77485715111789,-122.49694617793124,excessive_pickup_time,8.767211521934698
TRIP_002955,2025-01-16 16:12:03.270313,37.81483084868626,-122.51201570764225,excessive_pickup_time,6.909579494606325
TRIP_002958,2025-01-16 16:13:06.083181,37.775695910140854,-122.31733641116895,excessive_pickup_time,7.201123881663382
TRIP_002959,2025-01-16 16:13:06.961910,37.811822644353995,-122.52247761671376,excessive_pickup_time,6.2057817851704185
TRIP_002962,2025-01-16 16:14:21.419601,37.6899165223086,-122.36219204177921,excessive_pickup_time,9.849485217361593
TRIP_002964,2025-01-16 16:14:57.119793,37.83773288199101,-122.46157123038503,no_available_vehicles,10.75888295778863
TRIP_002965,2025-01-16 16:15:17.078609,37.86256600937714,-122.42844870459972,excessive_pickup_time,11.21774030858431
TRIP_002966,2025-01-16 16:15:37.605211,37.82806885441626,-122.53475157503462,excessive_pickup_time,8.713013427999238
TRIP_002968,2025-01-16 16:16:14.974179,37.822054539634834,-122.47744871203358,excessive_pickup_time,5.9720029461772794
TRIP_002969,2025-01-16 16:16:59.966015,37.83965847504865,-122.45667686468471,excessive_pickup_time,8.400859082361478
TRIP_002970,2025-01-16 16:17:11.732003,37.847064996535316,-122.48763666022161,excessive_pickup_time,8.751450554726912
TRIP_002974,2025-01-16 16:18:55.561968,37.78820143375889,-122.41166063273016,excessive_pickup_time,9.47619514077778
TRIP_002975,2025-01-16 16:19:06.841406,37.844280486991416,-122.4446208975258,excessive_pickup_time,4.23962069613518
TRIP_002976,2025-01-16 16:19:15.570833,37.84351016981349,-122.44952116482742,excessive_pickup_time,9.961345740355938
TRIP_002981,2025-01-16 16:21:59.272777,37.72820014603477,-122.50348721552912,excessive_pickup_time,6.799036941574654
TRIP_002983,2025-01-16 16:22:52.890124,37.73991677848348,-122.38272416492025,excessive_pickup_time,8.552512608102948
TRIP_002984,2025-01-16 16:22:58.514120,37.847186287583405,-122.37032104570825,excessive_pickup_time,5.447221011899485
TRIP_002986,2025-01-16 16:23:15.494075,37.77881346583925,-122.34515768277136,excessive_pickup_time,8.070835343556839
TRIP_002988,2025-01-16 16:23:38.508742,37.79313942540184,-122.38516149318659,no_available_vehicles,9.608616192387146
TRIP_002989,2025-01-16 16:23:46.328296,37.8080605814391,-122.36350506435521,no_available_vehicles,8.069128843902245
TRIP_002991,2025-01-16 16:25:15.725386,37.80720991870152,-122.53872793479562,no_available_vehicles,10.76732823538163
TRIP_002992,2025-01-16 16:25:16.722969,37.791110547427564,-122.34999749764975,no_available_vehicles,10.919272632122722
TRIP_002993,2025-01-16 16:25:31.160239,37.72746657443792,-122.48870175071748,excessive_pickup_time,4.292584618849213
TRIP_002994,2025-01-16 16:26:07.865203,37.67850225939833,-122.45863122779913,excessive_pickup_time,8.205691120977988
TRIP_003002,2025-01-16 16:30:55.484647,37.741069493404964,-122.49571162773839,no_available_vehicles,7.040170728121261
TRIP_003003,2025-01-16 16:31:12.246332,37.679303953677646,-122.39262214360429,no_available_vehicles,3.8395470777179193
TRIP_003004,2025-01-16 16:31:25.368804,37.75415461078752,-122.42564834638198,no_available_vehicles,5.812659140417782
TRIP_003005,2025-01-16 16:31:41.671052,37.818533003782036,-122.42535070363414,no_available_vehicles,9.860275511434232
TRIP_003008,2025-01-16 16:33:19.780320,37.85355528983898,-122.48637713613493,excessive_pickup_time,8.529838768041083
TRIP_003010,2025-01-16 16:34:13.172993,37.726169928755,-122.54389483379272,excessive_pickup_time,5.359511735316474
TRIP_003012,2025-01-16 16:34:48.217849,37.72747573137518,-122.33371009718904,excessive_pickup_time,8.43410330631577
TRIP_003017,2025-01-16 16:37:16.954232,37.716154240564016,-122.45603859009725,excessive_pickup_time,8.506054686487921
TRIP_003018,2025-01-16 16:37:21.382490,37.82393460805585,-122.50615216274463,excessive_pickup_time,6.821451653617469
TRIP_003020,2025-01-16 16:37:29.587044,37.84801285733276,-122.40793798628268,no_available_vehicles,8.78534033972706
TRIP_003021,2025-01-16 16:37:38.915581,37.70551284465157,-122.42619931399396,no_available_vehicles,9.295145982165018
TRIP_003022,2025-01-16 16:37:44.060481,37.71660244930125,-122.43882718971126,no_available_vehicles,7.583106050471948
TRIP_003023,2025-01-16 16:37:48.586059,37.76715517945637,-122.39381521378908,no_available_vehicles,8.421780741743504
TRIP_003024,2025-01-16 16:38:03.328845,37.839606127753854,-122.5270613587249,no_available_vehicles,7.486909607242108
TRIP_003025,2025-01-16 16:38:04.546948,37.773881948771255,-122.45761335709271,no_available_vehicles,4.293042198238694
TRIP_003026,2025-01-16 16:38:29.947505,37.6888239237187,-122.38620666217969,no_available_vehicles,6.586496979031027
TRIP_003027,2025-01-16 16:38:52.881291,37.81232697477054,-122.54639868226013,no_available_vehicles,5.357962445366983
TRIP_003029,2025-01-16 16:40:27.812682,37.75174588433903,-122.32831479540458,excessive_pickup_time,10.705985051761424
TRIP_003034,2025-01-16 16:41:16.216579,37.79836209355819,-122.52036882252547,no_available_vehicles,6.913928842328355
TRIP_003035,2025-01-16 16:41:39.901161,37.827084499925235,-122.50022618594818,no_available_vehicles,6.451179886262445
TRIP_003036,2025-01-16 16:42:00.975960,37.714187829649916,-122.41958053765343,no_available_vehicles,7.459279387692057
TRIP_003037,2025-01-16 16:42:04.303114,37.702499125263564,-122.45716968018988,no_available_vehicles,9.39834773617239
TRIP_003043,2025-01-16 16:44:42.243954,37.85876669458261,-122.40808398697386,excessive_pickup_time,13.226309685596105
TRIP_003044,2025-01-16 16:44:51.286839,37.85678686201013,-122.48584907530483,excessive_pickup_time,9.077089463616199
TRIP_003050,2025-01-16 16:46:29.681136,37.699227974238234,-122.40842891246157,excessive_pickup_time,10.9498831920457
TRIP_003051,2025-01-16 16:46:47.449405,37.7193263923651,-122.52301782490915,excessive_pickup_time,11.76248414002153
TRIP_003054,2025-01-16 16:47:38.729253,37.759874209408785,-122.56826402346634,no_available_vehicles,12.669350497307457
TRIP_003055,2025-01-16 16:47:58.982464,37.817451976632064,-122.34546973130055,excessive_pickup_time,8.934857418223011
TRIP_003056,2025-01-16 16:47:59.900300,37.75850247108777,-122.35506639407683,excessive_pickup_time,5.458823834980381
TRIP_003057,2025-01-16 16:48:00.025336,37.80720841914116,-122.38729657412476,excessive_pickup_time,9.651714097115072
TRIP_003059,2025-01-16 16:48:15.600456,37.738898289496525,-122.53581956757252,no_available_vehicles,8.809609635768286
TRIP_003061,2025-01-16 16:48:47.539371,37.80779520942211,-122.3641049907504,no_available_vehicles,7.827399884880872
TRIP_003063,2025-01-16 16:49:12.921288,37.797237646730764,-122.32366942460753,no_available_vehicles,8.765346792351737
TRIP_003064,2025-01-16 16:50:28.293507,37.78990826241442,-122.56137443968629,no_available_vehicles,10.659108865280853
TRIP_003068,2025-01-16 16:51:46.464581,37.78102827612925,-122.3958091993628,no_available_vehicles,8.110043315375407
TRIP_003069,2025-01-16 16:52:54.909160,37.78272189629155,-122.33743445348247,no_available_vehicles,12.746855161897487
TRIP_003070,2025-01-16 16:53:05.208537,37.72440068972968,-122.53764633920096,no_available_vehicles,6.6608329812235825
TRIP_003071,2025-01-16 16:53:56.481365,37.7801828221666,-122.54743690277529,no_available_vehicles,12.933835864266824
TRIP_003072,2025-01-16 16:54:09.810148,37.81596966041399,-122.47344564635834,no_available_vehicles,3.599529299875309
TRIP_003073,2025-01-16 16:54:20.890949,37.70961386025654,-122.44776123804849,no_available_vehicles,4.40438139802199
TRIP_003074,2025-01-16 16:54:28.711501,37.71486042128218,-122.41770234160572,no_available_vehicles,6.728183009212195
TRIP_003075,2025-01-16 16:54:38.045966,37.690851931000054,-122.3634918633339,no_available_vehicles,10.934115486005435
TRIP_003076,2025-01-16 16:56:06.836425,37.79810994900694,-122.35271915483517,no_available_vehicles,11.797865298226819
TRIP_003077,2025-01-16 16:56:17.384720,37.8264346287405,-122.50343348235718,no_available_vehicles,10.1328144706671
TRIP_003078,2025-01-16 16:56:27.144898,37.80146202593446,-122.5410667283757,no_available_vehicles,11.64418049982474
TRIP_003079,2025-01-16 16:56:32.731801,37.679981015695596,-122.42633519479523,no_available_vehicles,7.249437179535934
TRIP_003080,2025-01-16 16:57:01.931205,37.77950160535101,-122.36594284027758,excessive_pickup_time,10.388930215521857
TRIP_003081,2025-01-16 16:57:03.814454,37.70647802868582,-122.46071117397071,excessive_pickup_time,6.662300102254521
TRIP_003083,2025-01-16 16:57:48.677496,37.73434602278439,-122.44686838019268,excessive_pickup_time,9.278679151085168
TRIP_003088,2025-01-16 16:59:59.738203,37.76433609617228,-122.40386789369221,excessive_pickup_time,9.684607904975472
TRIP_003091,2025-01-16 17:00:47.790835,37.76108515511155,-122.32614361745469,no_available_vehicles,7.566179175127104
TRIP_003092,2025-01-16 17:00:55.077597,37.79178907261085,-122.46943953661776,no_available_vehicles,6.88072249456749
TRIP_003093,2025-01-16 17:01:00.730742,37.80742285873728,-122.32877450094952,no_available_vehicles,10.557305032686916
TRIP_003094,2025-01-16 17:01:03.470889,37.721202430483814,-122.37923473214174,no_available_vehicles,9.483815542655792
TRIP_003095,2025-01-16 17:01:07.201329,37.8408367877117,-122.40088458629653,no_available_vehicles,8.704624898953885
TRIP_003096,2025-01-16 17:01:08.591680,37.69013961423873,-122.44979593494433,no_available_vehicles,12.56074096567639
TRIP_003097,2025-01-16 17:01:21.115930,37.70446375187337,-122.54632346076461,no_available_vehicles,11.233766669334697
TRIP_003098,2025-01-16 17:01:27.114955,37.83276660124601,-122.44441760981414,no_available_vehicles,7.785508055418961
TRIP_003099,2025-01-16 17:01:27.457346,37.83036515387816,-122.37157216904527,no_available_vehicles,11.290690744467687
TRIP_003100,2025-01-16 17:01:33.057929,37.808162382193906,-122.51661475136815,no_available_vehicles,4.741994403523727
TRIP_003101,2025-01-16 17:01:43.026337,37.74366216160464,-122.42734603101499,no_available_vehicles,8.792672606707665
TRIP_003102,2025-01-16 17:01:44.132663,37.684890710950874,-122.39435393041525,no_available_vehicles,4.172317885828379
TRIP_003103,2025-01-16 17:01:44.642115,37.72500005315936,-122.35979251037672,no_available_vehicles,10.834437367967091
TRIP_003105,2025-01-16 17:02:34.908451,37.773580413305126,-122.47922168705334,excessive_pickup_time,5.385457129901661
TRIP_003109,2025-01-16 17:03:32.676063,37.77604125256371,-122.3258362838925,excessive_pickup_time,14.525424901528906
TRIP_003111,2025-01-16 17:04:34.072676,37.68363341543729,-122.42166137156937,no_available_vehicles,10.49004650863371
TRIP_003112,2025-01-16 17:04:42.512620,37.736800259019844,-122.32454102417124,no_available_vehicles,8.229590051651627
TRIP_003113,2025-01-16 17:05:02.338443,37.7840657469932,-122.54904860390826,no_available_vehicles,6.5199999989473785
TRIP_003114,2025-01-16 17:05:16.799620,37.83657076827114,-122.48569268603974,no_available_vehicles,10.541422990880235
TRIP_003115,2025-01-16 17:05:19.464874,37.770106544516025,-122.42405255365331,no_available_vehicles,5.9542866569869055
TRIP_003119,2025-01-16 17:06:13.520716,37.85509598746259,-122.39185857762185,no_available_vehicles,11.49264127204353
TRIP_003120,2025-01-16 17:06:15.052303,37.834954606467605,-122.53189830755232,no_available_vehicles,10.781162948671493
TRIP_003121,2025-01-16 17:06:33.058650,37.788374887017596,-122.39418755697709,no_available_vehicles,9.93377031158839
TRIP_003125,2025-01-16 17:09:09.579901,37.84639424612907,-122.50711897344496,excessive_pickup_time,7.599054709425596
TRIP_003131,2025-01-16 17:09:57.600998,37.821529424202296,-122.35310859204613,no_available_vehicles,12.113747451640522
TRIP_003133,2025-01-16 17:10:26.556124,37.78738087286688,-122.46256445396145,no_available_vehicles,5.901554853878103
TRIP_003134,2025-01-16 17:10:49.064841,37.73080651323336,-122.55625146516844,excessive_pickup_time,10.459772087046735
TRIP_003135,2025-01-16 17:10:59.418411,37.80052245579273,-122.52319222842877,excessive_pickup_time,11.504972257099693
TRIP_003137,2025-01-16 17:11:11.930843,37.75142497682653,-122.48031626518656,excessive_pickup_time,10.28610986152062
TRIP_003139,2025-01-16 17:11:26.701299,37.673203962544804,-122.49040569493259,no_available_vehicles,11.905241471893033
TRIP_003150,2025-01-16 17:16:21.998575,37.79379018371901,-122.42708856708751,excessive_pickup_time,9.239913175987784
TRIP_003152,2025-01-16 17:16:38.582730,37.77677779369701,-122.48096390966032,no_available_vehicles,3.945839322950238
TRIP_003153,2025-01-16 17:16:45.619319,37.74980252993227,-122.43633456680375,no_available_vehicles,7.591246629083338
TRIP_003154,2025-01-16 17:16:58.946163,37.68029623547087,-122.43273410740625,no_available_vehicles,6.855516667040669
TRIP_003155,2025-01-16 17:17:01.566415,37.71350246882117,-122.37837745181562,no_available_vehicles,10.957785787307522
TRIP_003157,2025-01-16 17:17:42.525230,37.754467345082745,-122.41270063407974,no_available_vehicles,5.87873747759089
TRIP_003158,2025-01-16 17:17:44.809363,37.8478504977966,-122.42296303486752,no_available_vehicles,12.685077802245626
TRIP_003161,2025-01-16 17:19:10.115903,37.85342226809902,-122.4879455502784,excessive_pickup_time,4.438798552947718
TRIP_003166,2025-01-16 17:20:24.443926,37.83599341844879,-122.36861130452009,excessive_pickup_time,4.649533029517938
TRIP_003169,2025-01-16 17:22:31.864401,37.72689763918332,-122.3597373131122,excessive_pickup_time,5.909305954530037
TRIP_003170,2025-01-16 17:23:05.173280,37.71779698344389,-122.42923431197347,excessive_pickup_time,4.449245629479064
TRIP_003175,2025-01-16 17:24:26.084777,37.73122978668875,-122.55080411892715,excessive_pickup_time,14.695306587127872
TRIP_003177,2025-01-16 17:25:26.574892,37.73043100290856,-122.34372895852906,excessive_pickup_time,11.82979369255865
TRIP_003180,2025-01-16 17:26:10.079667,37.74895850342514,-122.55647668493383,excessive_pickup_time,4.676924150510927
TRIP_003182,2025-01-16 17:26:15.462278,37.69532541191561,-122.50824264002146,excessive_pickup_time,6.707365306233266
TRIP_003183,2025-01-16 17:26:21.188077,37.75595181903847,-122.5279090365813,excessive_pickup_time,11.28243126492855
TRIP_003184,2025-01-16 17:26:49.202829,37.76259824197674,-122.38073044201742,excessive_pickup_time,3.648946528402138
TRIP_003186,2025-01-16 17:27:27.188373,37.719164375145304,-122.54303848119605,no_available_vehicles,4.757108135392265
TRIP_003193,2025-01-16 17:30:22.200386,37.85559347649433,-122.44393902868815,excessive_pickup_time,15.45649636110533
TRIP_003196,2025-01-16 17:31:25.532838,37.838224507109416,-122.47073287248686,excessive_pickup_time,7.655467172182166
TRIP_003197,2025-01-16 17:31:35.773293,37.795030057240425,-122.55140526727234,excessive_pickup_time,4.222797129808952
TRIP_003201,2025-01-16 17:33:57.125510,37.82090239485323,-122.35337344837237,excessive_pickup_time,13.582731501144828
TRIP_003206,2025-01-16 17:36:27.443166,37.74080219008432,-122.56010504244401,excessive_pickup_time,15.215971248685754
TRIP_003207,2025-01-16 17:36:44.836063,37.8329336801832,-122.4997573907299,excessive_pickup_time,11.77931368316521
TRIP_003210,2025-01-16 17:38:17.317674,37.846161210765885,-122.39390397184523,excessive_pickup_time,6.721394752552925
TRIP_003212,2025-01-16 17:39:27.921662,37.85285916719244,-122.47345125372021,excessive_pickup_time,13.059467736333586
TRIP_003215,2025-01-16 17:40:20.539540,37.74438818098809,-122.324920461426,excessive_pickup_time,10.671937834563925
TRIP_003216,2025-01-16 17:40:49.406270,37.839907808347874,-122.52250587842292,excessive_pickup_time,9.7426148291342
TRIP_003266,2025-01-16 18:00:30.860813,37.829402726628835,-122.35490191170746,excessive_pickup_time,9.17342075289334
TRIP_003267,2025-01-16 18:00:35.268587,37.69211192889972,-122.45960027132107,excessive_pickup_time,5.819980852368927
TRIP_003269,2025-01-16 18:01:19.211592,37.782012769863485,-122.38927914460402,excessive_pickup_time,6.284532605881752
TRIP_003272,2025-01-16 18:02:30.902105,37.727744490146165,-122.35099556122381,excessive_pickup_time,9.633463060383585
TRIP_003277,2025-01-16 18:04:27.122132,37.863896563957894,-122.44266811558194,excessive_pickup_time,13.982520092698339
TRIP_003285,2025-01-16 18:06:45.728932,37.720240421525105,-122.46988647215413,excessive_pickup_time,12.662291990606874
TRIP_003287,2025-01-16 18:07:08.039695,37.82045279402749,-122.37306681128345,no_available_vehicles,14.326808407309459
TRIP_003291,2025-01-16 18:08:21.694276,37.79063467477692,-122.36936358809282,excessive_pickup_time,6.562182660365741
TRIP_003294,2025-01-16 18:09:28.196835,37.74204746256418,-122.35733346104814,excessive_pickup_time,12.680060802866544
TRIP_003298,2025-01-16 18:11:13.941345,37.768404222744635,-122.37860349017242,excessive_pickup_time,5.207618280107555
TRIP_003310,2025-01-16 18:16:21.554756,37.70571170423137,-122.5090971390218,excessive_pickup_time,11.740066646900944
TRIP_003311,2025-01-16 18:16:34.823651,37.712102175828456,-122.35877280213603,excessive_pickup_time,13.651265750948758
TRIP_003314,2025-01-16 18:17:33.442954,37.747727640107804,-122.31715072861712,excessive_pickup_time,13.728243358311843
TRIP_003315,2025-01-16 18:17:37.038875,37.70433678457065,-122.36727638839866,excessive_pickup_time,12.655458230498846
TRIP_003316,2025-01-16 18:17:47.460623,37.84082953350484,-122.42701905341086,excessive_pickup_time,9.255175477491061
TRIP_003335,2025-01-16 18:24:36.610462,37.786058857219565,-122.45476964691322,excessive_pickup_time,9.765580927355703
TRIP_003337,2025-01-16 18:25:38.109592,37.79727500405684,-122.53454294257023,no_available_vehicles,8.222188285417907
TRIP_003339,2025-01-16 18:27:10.491085,37.84153827026224,-122.46909386812362,excessive_pickup_time,8.477294291495653
TRIP_003344,2025-01-16 18:28:57.519217,37.81026878649975,-122.39272513411657,no_available_vehicles,4.864257796282143
TRIP_003350,2025-01-16 18:31:15.718338,37.73615301032472,-122.51018027475772,no_available_vehicles,8.764286120762112
TRIP_003351,2025-01-16 18:31:33.715346,37.77307004929938,-122.46214097351104,excessive_pickup_time,10.123030541426639
TRIP_003353,2025-01-16 18:31:55.280343,37.805139782402804,-122.39510266140162,no_available_vehicles,10.490812614798486
TRIP_003357,2025-01-16 18:33:29.808213,37.831027049273466,-122.43553479533435,no_available_vehicles,13.240371258337358
TRIP_003358,2025-01-16 18:33:36.539671,37.84468517003812,-122.45644071215632,no_available_vehicles,10.312310589554935
TRIP_003359,2025-01-16 18:33:41.442997,37.71852916632665,-122.49215337561009,no_available_vehicles,7.302630381114451
TRIP_003360,2025-01-16 18:33:51.015525,37.84095450378664,-122.46974507694205,no_available_vehicles,8.013346752270834
TRIP_003361,2025-01-16 18:34:02.814842,37.69912978897216,-122.4828021351277,excessive_pickup_time,7.8981887878020345
TRIP_003362,2025-01-16 18:34:38.673212,37.692417121916584,-122.5312568579753,excessive_pickup_time,11.512611158077439
TRIP_003373,2025-01-16 18:37:31.448772,37.687973826652964,-122.3725461827489,excessive_pickup_time,3.196159867993065
TRIP_003404,2025-01-16 18:47:54.142715,37.77131978944854,-122.43814510538371,excessive_pickup_time,6.361378720212439
TRIP_003405,2025-01-16 18:48:19.920144,37.78565988367323,-122.35140382381893,excessive_pickup_time,7.922636872615861
TRIP_003406,2025-01-16 18:48:29.332736,37.86460702605594,-122.45830564242031,excessive_pickup_time,13.476759616103186
TRIP_003474,2025-01-16 19:13:44.827225,37.81952273469741,-122.51447628647641,excessive_pickup_time,7.06001147428426
TRIP_003479,2025-01-16 19:14:24.538410,37.70136681882096,-122.53655327977434,excessive_pickup_time,6.6552984677998515
TRIP_003480,2025-01-16 19:14:26.881454,37.7844010599114,-122.5656242074077,excessive_pickup_time,8.767227162585645
TRIP_003496,2025-01-16 19:19:25.237800,37.67795467002478,-122.39485440305586,excessive_pickup_time,5.261692715532989
TRIP_003499,2025-01-16 19:19:51.809938,37.692980265901035,-122.45093780763831,excessive_pickup_time,9.143460246772623
TRIP_003503,2025-01-16 19:20:32.374650,37.761535530800884,-122.45376778296003,excessive_pickup_time,8.704691990343626
TRIP_003506,2025-01-16 19:20:58.945514,37.705330617251136,-122.35562000605377,excessive_pickup_time,15.405872662625667
TRIP_003509,2025-01-16 19:21:37.871822,37.787293314237516,-122.49372237993094,excessive_pickup_time,7.168949582051807
TRIP_003512,2025-01-16 19:22:19.186943,37.699863711009286,-122.533000046277,excessive_pickup_time,7.373572498953549
TRIP_003513,2025-01-16 19:22:21.966459,37.74199621274226,-122.44274775131126,excessive_pickup_time,7.867331020071806
TRIP_003515,2025-01-16 19:22:59.016425,37.85385684002941,-122.43864629124754,excessive_pickup_time,8.66715041339029
TRIP_003525,2025-01-16 19:25:08.269288,37.79436033080279,-122.50970551579235,excessive_pickup_time,10.168735241840771
TRIP_003526,2025-01-16 19:25:44.859282,37.81771865963463,-122.37008604017925,excessive_pickup_time,9.536203585460939
TRIP_003527,2025-01-16 19:26:06.080555,37.86257759648117,-122.45429136267326,excessive_pickup_time,14.531441581481543
TRIP_003529,2025-01-16 19:26:42.582362,37.68220315700189,-122.49381773074246,excessive_pickup_time,12.31579381149529
TRIP_003534,2025-01-16 19:27:26.123947,37.80465110902209,-122.50439942699667,excessive_pickup_time,6.09303145736401
TRIP_003539,2025-01-16 19:28:59.614961,37.762132841218616,-122.54649208358536,excessive_pickup_time,6.709295988476957
TRIP_003558,2025-01-16 19:36:20.679492,37.79080906585078,-122.53322035174678,excessive_pickup_time,11.562841550765008
TRIP_003588,2025-01-16 19:47:52.320344,37.728111387290795,-122.54208852204385,excessive_pickup_time,15.051662494767529
TRIP_003598,2025-01-16 19:49:42.629126,37.75274642956146,-122.49565482271572,excessive_pickup_time,5.76798049080523
TRIP_003602,2025-01-16 19:50:05.595012,37.804443200899264,-122.45070666837557,excessive_pickup_time,9.036469271210162
TRIP_003603,2025-01-16 19:50:21.822659,37.772189795748886,-122.47462398335604,excessive_pickup_time,8.971391862899402
TRIP_003604,2025-01-16 19:50:31.209896,37.76780772897719,-122.45554874199013,excessive_pickup_time,8.355245125067372
TRIP_003606,2025-01-16 19:51:01.526330,37.8633392444174,-122.46188182222015,excessive_pickup_time,8.798861365454455
TRIP_003613,2025-01-16 19:53:31.001448,37.71764222556621,-122.55447160058131,excessive_pickup_time,9.216539936492506
TRIP_003617,2025-01-16 19:54:58.660398,37.70682594267448,-122.51586629130882,excessive_pickup_time,5.878096699538062
TRIP_003627,2025-01-16 19:58:10.466493,37.73981446337442,-122.33277321435475,excessive_pickup_time,9.736855181154617
TRIP_003630,2025-01-16 19:59:03.586463,37.668790408656555,-122.45451004383044,excessive_pickup_time,14.847306420262854
TRIP_003647,2025-01-16 20:04:48.483556,37.73468507908289,-122.4155229164951,excessive_pickup_time,7.496825764594482
TRIP_003660,2025-01-16 20:08:43.497139,37.70201269800234,-122.38762531403476,excessive_pickup_time,4.751379118503104
TRIP_003661,2025-01-16 20:09:18.243942,37.677422949496176,-122.44222974167653,excessive_pickup_time,7.10506802847643
TRIP_003663,2025-01-16 20:09:35.578676,37.757868382867514,-122.31696483195385,excessive_pickup_time,13.499544342764182
TRIP_003670,2025-01-16 20:11:14.279981,37.71837269388038,-122.49044852527709,excessive_pickup_time,6.147902723074493
TRIP_003672,2025-01-16 20:11:37.213137,37.69858258138357,-122.53454714559476,excessive_pickup_time,6.450800176856248
TRIP_003675,2025-01-16 20:12:45.525890,37.686436834382945,-122.36677088985714,no_available_vehicles,11.03503505681275
TRIP_003676,2025-01-16 20:12:54.869251,37.77161212537704,-122.3997102743802,no_available_vehicles,7.635540005911718
TRIP_003681,2025-01-16 20:14:12.391004,37.70174708761624,-122.46788781500749,excessive_pickup_time,6.7505020848373904
TRIP_003682,2025-01-16 20:14:33.760833,37.684608469280555,-122.47834255936397,excessive_pickup_time,11.787105423987489
TRIP_003686,2025-01-16 20:15:16.472160,37.734091601669846,-122.35508975787427,excessive_pickup_time,10.14841991877596
TRIP_003687,2025-01-16 20:15:17.507461,37.69456342803171,-122.5288788725248,excessive_pickup_time,10.22247036827504
TRIP_003696,2025-01-16 20:17:11.686227,37.852380907347104,-122.45101731252439,no_available_vehicles,9.634326340340245
TRIP_003697,2025-01-16 20:17:33.518961,37.69077680798537,-122.43560406692824,no_available_vehicles,7.919720029687365
TRIP_003698,2025-01-16 20:17:58.425068,37.763930597395344,-122.50600533769895,excessive_pickup_time,7.840823856457046
TRIP_003699,2025-01-16 20:17:59.976076,37.82278870724197,-122.53344985680282,excessive_pickup_time,7.441515441055814
TRIP_003700,2025-01-16 20:18:11.364029,37.71227795481841,-122.51211243214242,excessive_pickup_time,9.877546424093683
TRIP_003702,2025-01-16 20:18:36.506956,37.827861435499855,-122.35362498659161,excessive_pickup_time,3.856747644528013
TRIP_003711,2025-01-16 20:20:40.947763,37.73394112684379,-122.32394450128712,excessive_pickup_time,11.207965709288713
TRIP_003713,2025-01-16 20:21:08.586217,37.77190056573164,-122.33795329851321,excessive_pickup_time,12.42999046640524
TRIP_003717,2025-01-16 20:22:41.476768,37.75695974921185,-122.56072361078267,no_available_vehicles,10.963350597123647
TRIP_003718,2025-01-16 20:22:50.397858,37.826227378068864,-122.4830713650539,excessive_pickup_time,5.062991547821742
TRIP_003719,2025-01-16 20:23:36.818505,37.79225368911622,-122.54140834120128,excessive_pickup_time,11.384000041757998
TRIP_003726,2025-01-16 20:25:33.742939,37.697845932915776,-122.52668235354018,excessive_pickup_time,12.914227493669943
TRIP_003736,2025-01-16 20:29:20.957551,37.699791357817865,-122.39585729501017,excessive_pickup_time,8.987780159493086
TRIP_003737,2025-01-16 20:29:25.505776,37.797521363059325,-122.37474077353838,excessive_pickup_time,8.557559726390128
TRIP_003741,2025-01-16 20:30:02.965537,37.8287800370836,-122.37295680515534,excessive_pickup_time,8.095213144998915
TRIP_003743,2025-01-16 20:30:21.308922,37.81665668419682,-122.40761979491849,excessive_pickup_time,10.346218184081595
TRIP_003744,2025-01-16 20:31:03.745860,37.83311492046456,-122.35886449746258,excessive_pickup_time,11.750183232810521
TRIP_003766,2025-01-16 20:37:39.908421,37.86345313064308,-122.46181072337518,excessive_pickup_time,6.193411731458374
TRIP_003769,2025-01-16 20:38:54.822434,37.83687211861227,-122.38738128567788,excessive_pickup_time,5.838246062727508
TRIP_003776,2025-01-16 20:41:50.914382,37.813831190986534,-122.34681610492503,excessive_pickup_time,6.653096330531328
TRIP_003785,2025-01-16 20:43:42.068678,37.79112483026643,-122.45412502248061,excessive_pickup_time,7.420326927700216
TRIP_003786,2025-01-16 20:43:42.607411,37.85758961044488,-122.44326529329571,excessive_pickup_time,8.31008268232938
TRIP_003791,2025-01-16 20:45:03.372883,37.79912207195113,-122.53772470536131,excessive_pickup_time,12.804320315938371
TRIP_003793,2025-01-16 20:45:06.406389,37.75217446257879,-122.34351619654328,excessive_pickup_time,10.77363688750837
TRIP_003796,2025-01-16 20:45:36.519256,37.84242023467215,-122.48421669446593,excessive_pickup_time,10.187475398177337
TRIP_003797,2025-01-16 20:45:42.237296,37.74307115668044,-122.32072080853139,excessive_pickup_time,12.425122648436467
TRIP_003798,2025-01-16 20:46:21.007372,37.8470720969606,-122.38637823220296,excessive_pickup_time,9.76984563143531
TRIP_003801,2025-01-16 20:47:02.029344,37.7794398712663,-122.42182777087409,excessive_pickup_time,8.168020400659092
TRIP_003803,2025-01-16 20:48:09.711552,37.745997699360466,-122.38514855136678,excessive_pickup_time,9.51624982845043
TRIP_003811,2025-01-16 20:50:33.607430,37.808854552280955,-122.44579528985325,excessive_pickup_time,6.928853938234322
TRIP_003814,2025-01-16 20:51:31.811043,37.85042193787997,-122.4809193641337,excessive_pickup_time,8.15220535148072
TRIP_003831,2025-01-16 20:56:38.014877,37.80562095119368,-122.35463564045854,excessive_pickup_time,7.72874231506538
TRIP_003833,2025-01-16 20:56:55.636259,37.81887423937985,-122.4200710054786,excessive_pickup_time,10.371209196998517
TRIP_003840,2025-01-16 20:59:08.975451,37.830397593714295,-122.51204994609616,excessive_pickup_time,3.168710057836132
TRIP_003843,2025-01-16 21:00:08.233751,37.794658780177976,-122.37824438945827,excessive_pickup_time,7.432413939352485
TRIP_003844,2025-01-16 21:00:13.823535,37.82575495763025,-122.36136228265552,excessive_pickup_time,9.441715370355858
TRIP_003845,2025-01-16 21:00:16.813121,37.80132969461987,-122.3702863611284,excessive_pickup_time,8.587913996478715
TRIP_003890,2025-01-16 21:14:41.249553,37.74324388211371,-122.32965384400131,excessive_pickup_time,6.8509512581464245
TRIP_003892,2025-01-16 21:14:56.997678,37.67451373932309,-122.4446431624615,excessive_pickup_time,11.156611653578528
TRIP_003901,2025-01-16 21:18:07.668950,37.76810970879211,-122.49646256254026,no_available_vehicles,7.458386404681767
TRIP_003902,2025-01-16 21:18:12.615128,37.793169853953856,-122.46462595627426,no_available_vehicles,5.721147936858407
TRIP_003906,2025-01-16 21:19:43.651206,37.67196716634787,-122.45490873447436,excessive_pickup_time,7.6752768866160554
TRIP_003908,2025-01-16 21:20:50.724818,37.71505009160214,-122.38175683847388,excessive_pickup_time,6.7769347991926665
TRIP_003910,2025-01-16 21:21:15.033523,37.69864427532489,-122.42092208195166,excessive_pickup_time,5.117556745113967
TRIP_003911,2025-01-16 21:21:21.970138,37.73128719153204,-122.42410816904217,excessive_pickup_time,8.346727767751318
TRIP_003929,2025-01-16 21:26:15.668864,37.74036547216506,-122.38305226310511,excessive_pickup_time,7.285713341356029
TRIP_003930,2025-01-16 21:26:25.964264,37.68048217108189,-122.37800630464055,excessive_pickup_time,10.411177375488755
TRIP_003931,2025-01-16 21:26:43.963006,37.805669442909114,-122.36648042085135,excessive_pickup_time,11.961983168351447
TRIP_003968,2025-01-16 21:37:42.130680,37.762890031535484,-122.3886709185052,excessive_pickup_time,5.693021508282666
TRIP_003974,2025-01-16 21:39:10.187746,37.81391673527695,-122.3551034766367,excessive_pickup_time,8.374008213252356
TRIP_003976,2025-01-16 21:39:34.533179,37.71910794502041,-122.33379242639695,excessive_pickup_time,11.90485515266436
TRIP_003980,2025-01-16 21:40:47.378575,37.67424554424708,-122.43674093444936,excessive_pickup_time,6.539927143388468
TRIP_003981,2025-01-16 21:41:03.139292,37.702616837590504,-122.38570610853752,excessive_pickup_time,11.911132791615016
TRIP_003983,2025-01-16 21:41:58.807693,37.70224299458622,-122.36556345065438,excessive_pickup_time,9.097358014962271
TRIP_003987,2025-01-16 21:42:43.637477,37.69892838616691,-122.53977662316899,excessive_pickup_time,10.570176504266982
TRIP_003989,2025-01-16 21:44:05.913445,37.68221927717549,-122.47938586490635,excessive_pickup_time,8.873770185825911
TRIP_003996,2025-01-16 21:46:49.962441,37.80763319541441,-122.42870979217636,excessive_pickup_time,9.451934213876811
TRIP_003997,2025-01-16 21:46:58.616389,37.73774409250879,-122.35261357121911,excessive_pickup_time,7.334058933792866
TRIP_004011,2025-01-16 21:51:20.148095,37.70910416699886,-122.35999376537127,excessive_pickup_time,13.056202394324126
TRIP_004020,2025-01-16 21:53:31.248910,37.86449296822314,-122.44467855383627,excessive_pickup_time,10.881669181496282
TRIP_004023,2025-01-16 21:54:10.647589,37.80962797964527,-122.41475175668138,excessive_pickup_time,8.097218337018852
TRIP_004042,2025-01-16 21:59:30.332131,37.69515667604079,-122.49070960313924,excessive_pickup_time,9.588529810357038
TRIP_004047,2025-01-16 22:00:40.738960,37.83841275464225,-122.4807749456617,excessive_pickup_time,10.301697243197395
TRIP_004048,2025-01-16 22:01:09.845974,37.81613771855719,-122.5053622817254,excessive_pickup_time,6.252010430672508
TRIP_004055,2025-01-16 22:03:08.780635,37.70430538459121,-122.53666466262534,excessive_pickup_time,6.094429099517572
TRIP_004060,2025-01-16 22:05:09.200283,37.73206429058234,-122.52890763542243,no_available_vehicles,7.640601888426734
TRIP_004067,2025-01-16 22:08:11.006758,37.7898443018322,-122.32432818685241,excessive_pickup_time,9.5182721126037
TRIP_004068,2025-01-16 22:08:36.585550,37.77961198585215,-122.47163174722995,excessive_pickup_time,5.494637429937596
TRIP_004077,2025-01-16 22:12:55.634617,37.81266934940716,-122.54400186513105,excessive_pickup_time,11.681294406298901
TRIP_004080,2025-01-16 22:13:36.241113,37.7071976761143,-122.46999201678464,excessive_pickup_time,11.701288850907423
TRIP_004142,2025-01-16 22:36:31.418456,37.729477525872966,-122.53127900252173,excessive_pickup_time,12.674222187280135
TRIP_004194,2025-01-16 22:55:34.881798,37.732886116478866,-122.55294247267989,excessive_pickup_time,6.345913561385505
TRIP_004229,2025-01-16 23:06:03.347512,37.72544107040359,-122.53298099918321,excessive_pickup_time,8.582469083653795
TRIP_004232,2025-01-16 23:08:04.546547,37.689948222050695,-122.38704017557433,excessive_pickup_time,12.18318855536755
