timestamp,vehicle_id,energy_delivered,charge_duration_minutes,total_depot_energy,chargers_in_use,vehicles_queued,depot_lat,depot_lon,depot_h3_cell,service_area_cells,energy_cost
54253.310516591795,72,60.33075665312661,14.479381596750388,60.33075665312661,4,0,41.081023,-81.514202,872ab3ac4ffffff,"['872ab3ac0ffffff', '872ab3ac4ffffff', '872ab3ac6ffffff', '872ab3ac5ffffff', '872ab3af1ffffff', '872ab3ae2ffffff', '872ab3ae3ffffff']",9.803747956133074
54640.619709179,81,60.7482177321315,14.579572255711561,121.0789743852581,5,2,41.081023,-81.514202,872ab3ac4ffffff,"['872ab3ac0ffffff', '872ab3ac4ffffff', '872ab3ac6ffffff', '872ab3ac5ffffff', '872ab3af1ffffff', '872ab3ae2ffffff', '872ab3ae3ffffff']",9.87158538147137
55013.64295169292,10,61.72355074613647,14.813652179072752,182.8025251313946,5,2,41.081023,-81.514202,872ab3ac4ffffff,"['872ab3ac0ffffff', '872ab3ac4ffffff', '872ab3ac6ffffff', '872ab3ac5ffffff', '872ab3af1ffffff', '872ab3ae2ffffff', '872ab3ae3ffffff']",10.030076996247177
55071.705249744606,63,60.719376463928654,14.572650351342876,243.52190159532324,5,3,41.081023,-81.514202,872ab3ac4ffffff,"['872ab3ac0ffffff', '872ab3ac4ffffff', '872ab3ac6ffffff', '872ab3ac5ffffff', '872ab3af1ffffff', '872ab3ae2ffffff', '872ab3ae3ffffff']",9.866898675388407
55181.50201400358,24,60.176414531008994,14.442339487442158,303.69831612633226,5,4,41.081023,-81.514202,872ab3ac4ffffff,"['872ab3ac0ffffff', '872ab3ac4ffffff', '872ab3ac6ffffff', '872ab3ac5ffffff', '872ab3af1ffffff', '872ab3ae2ffffff', '872ab3ae3ffffff']",9.778667361288962
55235.70439895023,67,60.51112418391419,14.522669804139404,364.20944031024646,5,3,41.081023,-81.514202,872ab3ac4ffffff,"['872ab3ac0ffffff', '872ab3ac4ffffff', '872ab3ac6ffffff', '872ab3ac5ffffff', '872ab3af1ffffff', '872ab3ae2ffffff', '872ab3ae3ffffff']",9.833057679886057
55514.44908535529,90,60.682595567797954,14.563822936271508,424.8920358780444,5,6,41.081023,-81.514202,872ab3ac4ffffff,"['872ab3ac0ffffff', '872ab3ac4ffffff', '872ab3ac6ffffff', '872ab3ac5ffffff', '872ab3af1ffffff', '872ab3ae2ffffff', '872ab3ae3ffffff']",9.860921779767168
55889.97938305568,26,60.85669662241399,14.605607189379358,485.7487325004584,5,12,41.081023,-81.514202,872ab3ac4ffffff,"['872ab3ac0ffffff', '872ab3ac4ffffff', '872ab3ac6ffffff', '872ab3ac5ffffff', '872ab3af1ffffff', '872ab3ae2ffffff', '872ab3ae3ffffff']",9.889213201142274
55948.75971784038,53,60.90656028442886,14.617574468262927,546.6552927848873,5,11,41.081023,-81.514202,872ab3ac4ffffff,"['872ab3ac0ffffff', '872ab3ac4ffffff', '872ab3ac6ffffff', '872ab3ac5ffffff', '872ab3af1ffffff', '872ab3ae2ffffff', '872ab3ae3ffffff']",9.897316046219691
56052.35046282371,51,60.47558672362078,14.51414081366899,607.1308795085081,5,10,41.081023,-81.514202,872ab3ac4ffffff,"['872ab3ac0ffffff', '872ab3ac4ffffff', '872ab3ac6ffffff', '872ab3ac5ffffff', '872ab3af1ffffff', '872ab3ae2ffffff', '872ab3ae3ffffff']",9.827282842588376
56109.276811331125,40,60.66475085978449,14.559540206348277,667.7956303682926,5,10,41.081023,-81.514202,872ab3ac4ffffff,"['872ab3ac0ffffff', '872ab3ac4ffffff', '872ab3ac6ffffff', '872ab3ac5ffffff', '872ab3af1ffffff', '872ab3ae2ffffff', '872ab3ae3ffffff']",9.85802201471498
56394.047012552684,48,61.08318938870799,14.659965453289917,728.8788197570005,5,13,41.081023,-81.514202,872ab3ac4ffffff,"['872ab3ac0ffffff', '872ab3ac4ffffff', '872ab3ac6ffffff', '872ab3ac5ffffff', '872ab3af1ffffff', '872ab3ae2ffffff', '872ab3ae3ffffff']",9.926018275665049
56775.392039130835,61,61.48699000521877,14.756877601252507,790.3658097622193,5,19,41.081023,-81.514202,872ab3ac4ffffff,"['872ab3ac0ffffff', '872ab3ac4ffffff', '872ab3ac6ffffff', '872ab3ac5ffffff', '872ab3af1ffffff', '872ab3ae2ffffff', '872ab3ae3ffffff']",9.99163587584805
56834.12748390028,1,61.48387264304843,14.756129434331623,851.8496824052678,5,21,41.081023,-81.514202,872ab3ac4ffffff,"['872ab3ac0ffffff', '872ab3ac4ffffff', '872ab3ac6ffffff', '872ab3ac5ffffff', '872ab3af1ffffff', '872ab3ae2ffffff', '872ab3ae3ffffff']",9.99112930449537
56930.03670096059,42,60.950433203949615,14.628103968947906,912.8001156092174,5,21,41.081023,-81.514202,872ab3ac4ffffff,"['872ab3ac0ffffff', '872ab3ac4ffffff', '872ab3ac6ffffff', '872ab3ac5ffffff', '872ab3af1ffffff', '872ab3ae2ffffff', '872ab3ae3ffffff']",9.904445395641813
56986.11883728606,62,60.89180735798172,14.614033765915613,973.6919229671992,5,20,41.081023,-81.514202,872ab3ac4ffffff,"['872ab3ac0ffffff', '872ab3ac4ffffff', '872ab3ac6ffffff', '872ab3ac5ffffff', '872ab3af1ffffff', '872ab3ae2ffffff', '872ab3ae3ffffff']",9.894918695672029
57272.0305597665,59,60.971079667625844,14.633059120230202,1034.663002634825,5,24,41.081023,-81.514202,872ab3ac4ffffff,"['872ab3ac0ffffff', '872ab3ac4ffffff', '872ab3ac6ffffff', '872ab3ac5ffffff', '872ab3af1ffffff', '872ab3ae2ffffff', '872ab3ae3ffffff']",9.9078004459892
57645.592485115114,97,60.43058652668587,14.503340766404609,1095.0935891615109,5,30,41.081023,-81.514202,872ab3ac4ffffff,"['872ab3ac0ffffff', '872ab3ac4ffffff', '872ab3ac6ffffff', '872ab3ac5ffffff', '872ab3af1ffffff', '872ab3ae2ffffff', '872ab3ae3ffffff']",9.819970310586454
57724.37146528601,2,61.822498707342305,14.837399689762153,1156.916087868853,5,31,41.081023,-81.514202,872ab3ac4ffffff,"['872ab3ac0ffffff', '872ab3ac4ffffff', '872ab3ac6ffffff', '872ab3ac5ffffff', '872ab3af1ffffff', '872ab3ae2ffffff', '872ab3ae3ffffff']",10.046156039943124
57804.15639351166,28,60.70275642715716,14.568661542517718,1217.6188442960101,5,31,41.081023,-81.514202,872ab3ac4ffffff,"['872ab3ac0ffffff', '872ab3ac4ffffff', '872ab3ac6ffffff', '872ab3ac5ffffff', '872ab3af1ffffff', '872ab3ae2ffffff', '872ab3ae3ffffff']",9.864197919413039
57871.403909323846,3,61.478130002623786,14.754751200629709,1279.096974298634,5,31,41.081023,-81.514202,872ab3ac4ffffff,"['872ab3ac0ffffff', '872ab3ac4ffffff', '872ab3ac6ffffff', '872ab3ac5ffffff', '872ab3af1ffffff', '872ab3ae2ffffff', '872ab3ae3ffffff']",9.990196125426365
58155.37273471127,17,61.343206593387194,14.722369582412925,1340.440180892021,5,36,41.081023,-81.514202,872ab3ac4ffffff,"['872ab3ac0ffffff', '872ab3ac4ffffff', '872ab3ac6ffffff', '872ab3ac5ffffff', '872ab3af1ffffff', '872ab3ae2ffffff', '872ab3ae3ffffff']",9.96827107142542
58513.41412244644,87,60.265391481342114,14.463693955522107,1400.705572373363,5,40,41.081023,-81.514202,872ab3ac4ffffff,"['872ab3ac0ffffff', '872ab3ac4ffffff', '872ab3ac6ffffff', '872ab3ac5ffffff', '872ab3af1ffffff', '872ab3ae2ffffff', '872ab3ae3ffffff']",9.793126115718094
58603.768330350635,6,61.06922674059901,14.656614417743763,1461.7747991139622,5,40,41.081023,-81.514202,872ab3ac4ffffff,"['872ab3ac0ffffff', '872ab3ac4ffffff', '872ab3ac6ffffff', '872ab3ac5ffffff', '872ab3af1ffffff', '872ab3ae2ffffff', '872ab3ae3ffffff']",9.923749345347339
58685.484234527634,79,61.20332229277608,14.68879735026626,1522.9781214067384,5,41,41.081023,-81.514202,872ab3ac4ffffff,"['872ab3ac0ffffff', '872ab3ac4ffffff', '872ab3ac6ffffff', '872ab3ac5ffffff', '872ab3af1ffffff', '872ab3ae2ffffff', '872ab3ae3ffffff']",9.945539872576113
58760.14269566791,16,61.71797127389349,14.812313105734438,1584.6960926806319,5,41,41.081023,-81.514202,872ab3ac4ffffff,"['872ab3ac0ffffff', '872ab3ac4ffffff', '872ab3ac6ffffff', '872ab3ac5ffffff', '872ab3af1ffffff', '872ab3ae2ffffff', '872ab3ae3ffffff']",10.029170332007693
59027.763813518635,41,60.58271380606706,14.539851313456095,1645.2788064866988,5,42,41.081023,-81.514202,872ab3ac4ffffff,"['872ab3ac0ffffff', '872ab3ac4ffffff', '872ab3ac6ffffff', '872ab3ac5ffffff', '872ab3af1ffffff', '872ab3ae2ffffff', '872ab3ae3ffffff']",9.844690993485898
59385.708197978056,71,60.57597746747352,14.538234592193644,1705.8547839541723,5,46,41.081023,-81.514202,872ab3ac4ffffff,"['872ab3ac0ffffff', '872ab3ac4ffffff', '872ab3ac6ffffff', '872ab3ac5ffffff', '872ab3af1ffffff', '872ab3ae2ffffff', '872ab3ae3ffffff']",9.843596338464447
59475.566132044376,88,60.54151400650959,14.529963361562302,1766.3962979606817,5,46,41.081023,-81.514202,872ab3ac4ffffff,"['872ab3ac0ffffff', '872ab3ac4ffffff', '872ab3ac6ffffff', '872ab3ac5ffffff', '872ab3af1ffffff', '872ab3ae2ffffff', '872ab3ae3ffffff']",9.837996026057809
59559.20249291896,92,60.674879054953166,14.56197097318876,1827.071177015635,5,46,41.081023,-81.514202,872ab3ac4ffffff,"['872ab3ac0ffffff', '872ab3ac4ffffff', '872ab3ac6ffffff', '872ab3ac5ffffff', '872ab3af1ffffff', '872ab3ae2ffffff', '872ab3ae3ffffff']",9.85966784642989
59635.1934590774,47,60.767414125658895,14.584179390158136,1887.8385911412938,5,46,41.081023,-81.514202,872ab3ac4ffffff,"['872ab3ac0ffffff', '872ab3ac4ffffff', '872ab3ac6ffffff', '872ab3ac5ffffff', '872ab3af1ffffff', '872ab3ae2ffffff', '872ab3ae3ffffff']",9.874704795419571
59901.10280581966,0,60.648541132015694,14.555649871683768,1948.4871322733095,5,49,41.081023,-81.514202,872ab3ac4ffffff,"['872ab3ac0ffffff', '872ab3ac4ffffff', '872ab3ac6ffffff', '872ab3ac5ffffff', '872ab3af1ffffff', '872ab3ae2ffffff', '872ab3ae3ffffff']",9.855387933952551
60259.3584747952,15,60.67015811230126,14.560837946952303,2009.1572903856108,5,50,41.081023,-81.514202,872ab3ac4ffffff,"['872ab3ac0ffffff', '872ab3ac4ffffff', '872ab3ac6ffffff', '872ab3ac5ffffff', '872ab3af1ffffff', '872ab3ae2ffffff', '872ab3ae3ffffff']",9.858900693248955
60350.179059086695,52,60.73700882238316,14.576882117371957,2069.894299207994,5,50,41.081023,-81.514202,872ab3ac4ffffff,"['872ab3ac0ffffff', '872ab3ac4ffffff', '872ab3ac6ffffff', '872ab3ac5ffffff', '872ab3af1ffffff', '872ab3ae2ffffff', '872ab3ae3ffffff']",9.869763933637264
60435.152629486925,20,60.82987059499764,14.599168942799432,2130.724169802992,5,50,41.081023,-81.514202,872ab3ac4ffffff,"['872ab3ac0ffffff', '872ab3ac4ffffff', '872ab3ac6ffffff', '872ab3ac5ffffff', '872ab3af1ffffff', '872ab3ae2ffffff', '872ab3ae3ffffff']",9.884853971687116
60516.5783871162,14,61.20728666936066,14.689748800646559,2191.9314564723527,5,50,41.081023,-81.514202,872ab3ac4ffffff,"['872ab3ac0ffffff', '872ab3ac4ffffff', '872ab3ac6ffffff', '872ab3ac5ffffff', '872ab3af1ffffff', '872ab3ae2ffffff', '872ab3ae3ffffff']",9.946184083771108
60772.36398206963,82,60.504248350692755,14.521019604166261,2252.4357048230454,5,50,41.081023,-81.514202,872ab3ac4ffffff,"['872ab3ac0ffffff', '872ab3ac4ffffff', '872ab3ac6ffffff', '872ab3ac5ffffff', '872ab3af1ffffff', '872ab3ae2ffffff', '872ab3ae3ffffff']",9.831940356987573
61152.27128792878,45,62.00783424538773,14.881880218893055,2314.443539068433,5,52,41.081023,-81.514202,872ab3ac4ffffff,"['872ab3ac0ffffff', '872ab3ac4ffffff', '872ab3ac6ffffff', '872ab3ac5ffffff', '872ab3af1ffffff', '872ab3ae2ffffff', '872ab3ae3ffffff']",10.076273064875506
61221.4585202555,49,60.50551813672274,14.521324352813457,2374.949057205156,5,52,41.081023,-81.514202,872ab3ac4ffffff,"['872ab3ac0ffffff', '872ab3ac4ffffff', '872ab3ac6ffffff', '872ab3ac5ffffff', '872ab3af1ffffff', '872ab3ae2ffffff', '872ab3ae3ffffff']",9.832146697217446
61329.156265170575,27,62.08358581136475,14.90006059472754,2437.0326430165205,5,51,41.081023,-81.514202,872ab3ac4ffffff,"['872ab3ac0ffffff', '872ab3ac4ffffff', '872ab3ac6ffffff', '872ab3ac5ffffff', '872ab3af1ffffff', '872ab3ae2ffffff', '872ab3ae3ffffff']",10.088582694346773
61390.0865429423,78,60.66028859903455,14.558469263768291,2497.692931615555,5,52,41.081023,-81.514202,872ab3ac4ffffff,"['872ab3ac0ffffff', '872ab3ac4ffffff', '872ab3ac6ffffff', '872ab3ac5ffffff', '872ab3af1ffffff', '872ab3ae2ffffff', '872ab3ae3ffffff']",9.857296897343115
61667.75929334647,64,62.18022994978003,14.923255187947207,2559.873161565335,5,52,41.081023,-81.514202,872ab3ac4ffffff,"['872ab3ac0ffffff', '872ab3ac4ffffff', '872ab3ac6ffffff', '872ab3ac5ffffff', '872ab3af1ffffff', '872ab3ae2ffffff', '872ab3ae3ffffff']",10.104287366839255
62030.34208962476,74,60.97713900666553,14.634513361599726,2620.8503005720004,5,51,41.081023,-81.514202,872ab3ac4ffffff,"['872ab3ac0ffffff', '872ab3ac4ffffff', '872ab3ac6ffffff', '872ab3ac5ffffff', '872ab3af1ffffff', '872ab3ae2ffffff', '872ab3ae3ffffff']",9.90878508858315
62100.4693095555,25,61.04241592361087,14.650179821666608,2681.8927164956112,5,51,41.081023,-81.514202,872ab3ac4ffffff,"['872ab3ac0ffffff', '872ab3ac4ffffff', '872ab3ac6ffffff', '872ab3ac5ffffff', '872ab3af1ffffff', '872ab3ae2ffffff', '872ab3ae3ffffff']",9.919392587586767
62218.62667418922,4,61.7687784040724,14.824506816977378,2743.6614948996835,5,50,41.081023,-81.514202,872ab3ac4ffffff,"['872ab3ac0ffffff', '872ab3ac4ffffff', '872ab3ac6ffffff', '872ab3ac5ffffff', '872ab3af1ffffff', '872ab3ae2ffffff', '872ab3ae3ffffff']",10.037426490661765
62264.63235303125,21,60.73234792284381,14.575763501482514,2804.3938428225274,5,49,41.081023,-81.514202,872ab3ac4ffffff,"['872ab3ac0ffffff', '872ab3ac4ffffff', '872ab3ac6ffffff', '872ab3ac5ffffff', '872ab3af1ffffff', '872ab3ae2ffffff', '872ab3ae3ffffff']",9.86900653746212
62534.64768819802,96,60.200582975802256,14.448139914192542,2864.5944257983297,5,48,41.081023,-81.514202,872ab3ac4ffffff,"['872ab3ac0ffffff', '872ab3ac4ffffff', '872ab3ac6ffffff', '872ab3ac5ffffff', '872ab3af1ffffff', '872ab3ae2ffffff', '872ab3ae3ffffff']",9.782594733567867
62906.43089774249,35,60.8395005637309,14.601480135295416,2925.4339263620604,5,48,41.081023,-81.514202,872ab3ac4ffffff,"['872ab3ac0ffffff', '872ab3ac4ffffff', '872ab3ac6ffffff', '872ab3ac5ffffff', '872ab3af1ffffff', '872ab3ae2ffffff', '872ab3ae3ffffff']",9.886418841606272
62993.433179269006,32,62.01137984121597,14.882731161891833,2987.4453062032762,5,47,41.081023,-81.514202,872ab3ac4ffffff,"['872ab3ac0ffffff', '872ab3ac4ffffff', '872ab3ac6ffffff', '872ab3ac5ffffff', '872ab3af1ffffff', '872ab3ae2ffffff', '872ab3ae3ffffff']",10.076849224197595
63089.91734641129,91,60.50629668208812,14.521511203701149,3047.9516028853645,5,46,41.081023,-81.514202,872ab3ac4ffffff,"['872ab3ac0ffffff', '872ab3ac4ffffff', '872ab3ac6ffffff', '872ab3ac5ffffff', '872ab3af1ffffff', '872ab3ae2ffffff', '872ab3ae3ffffff']",9.83227321083932
63152.11397090502,68,61.630667907900296,14.791360297896071,3109.582270793265,5,45,41.081023,-81.514202,872ab3ac4ffffff,"['872ab3ac0ffffff', '872ab3ac4ffffff', '872ab3ac6ffffff', '872ab3ac5ffffff', '872ab3af1ffffff', '872ab3ae2ffffff', '872ab3ae3ffffff']",10.014983535033798
63414.172244408604,37,61.078094181290695,14.658742603509767,3170.6603649745557,5,44,41.081023,-81.514202,872ab3ac4ffffff,"['872ab3ac0ffffff', '872ab3ac4ffffff', '872ab3ac6ffffff', '872ab3ac5ffffff', '872ab3af1ffffff', '872ab3ae2ffffff', '872ab3ae3ffffff']",9.925190304459738
63777.36672572792,43,60.481654721210575,14.51559713309054,3231.142019695766,5,43,41.081023,-81.514202,872ab3ac4ffffff,"['872ab3ac0ffffff', '872ab3ac4ffffff', '872ab3ac6ffffff', '872ab3ac5ffffff', '872ab3af1ffffff', '872ab3ae2ffffff', '872ab3ae3ffffff']",9.828268892196718
63883.00513607946,7,61.775830334059194,14.826199280174206,3292.9178500298253,5,42,41.081023,-81.514202,872ab3ac4ffffff,"['872ab3ac0ffffff', '872ab3ac4ffffff', '872ab3ac6ffffff', '872ab3ac5ffffff', '872ab3af1ffffff', '872ab3ae2ffffff', '872ab3ae3ffffff']",10.038572429284619
63962.570484293996,55,60.60091235296579,14.54421896471179,3353.518762382791,5,41,41.081023,-81.514202,872ab3ac4ffffff,"['872ab3ac0ffffff', '872ab3ac4ffffff', '872ab3ac6ffffff', '872ab3ac5ffffff', '872ab3af1ffffff', '872ab3ae2ffffff', '872ab3ae3ffffff']",9.847648257356942
64032.71056839744,57,61.15254149252882,14.676609958206917,3414.6713038753196,5,40,41.081023,-81.514202,872ab3ac4ffffff,"['872ab3ac0ffffff', '872ab3ac4ffffff', '872ab3ac6ffffff', '872ab3ac5ffffff', '872ab3af1ffffff', '872ab3ae2ffffff', '872ab3ae3ffffff']",9.937287992535934
64291.41885542823,36,60.91990354302979,14.62077685032715,3475.5912074183493,5,39,41.081023,-81.514202,872ab3ac4ffffff,"['872ab3ac0ffffff', '872ab3ac4ffffff', '872ab3ac6ffffff', '872ab3ac5ffffff', '872ab3af1ffffff', '872ab3ae2ffffff', '872ab3ae3ffffff']",9.89948432574234
64655.19514101964,8,60.9603066174804,14.630473588195295,3536.5515140358298,5,38,41.081023,-81.514202,872ab3ac4ffffff,"['872ab3ac0ffffff', '872ab3ac4ffffff', '872ab3ac6ffffff', '872ab3ac5ffffff', '872ab3af1ffffff', '872ab3ae2ffffff', '872ab3ae3ffffff']",9.906049825340565
64766.66234968171,94,61.36508427793431,14.727620226704234,3597.916598313764,5,37,41.081023,-81.514202,872ab3ac4ffffff,"['872ab3ac0ffffff', '872ab3ac4ffffff', '872ab3ac6ffffff', '872ab3ac5ffffff', '872ab3af1ffffff', '872ab3ae2ffffff', '872ab3ae3ffffff']",9.971826195164326
64832.65255565909,19,60.422366067020846,14.501367856085002,3658.338964380785,5,36,41.081023,-81.514202,872ab3ac4ffffff,"['872ab3ac0ffffff', '872ab3ac4ffffff', '872ab3ac6ffffff', '872ab3ac5ffffff', '872ab3af1ffffff', '872ab3ae2ffffff', '872ab3ae3ffffff']",9.818634485890888
64917.8009270212,11,61.46460823776128,14.751505977062708,3719.8035726185462,5,35,41.081023,-81.514202,872ab3ac4ffffff,"['872ab3ac0ffffff', '872ab3ac4ffffff', '872ab3ac6ffffff', '872ab3ac5ffffff', '872ab3af1ffffff', '872ab3ae2ffffff', '872ab3ae3ffffff']",9.987998838636209
65178.92869184456,44,61.63262752891168,14.791830606938804,3781.436200147458,5,34,41.081023,-81.514202,872ab3ac4ffffff,"['872ab3ac0ffffff', '872ab3ac4ffffff', '872ab3ac6ffffff', '872ab3ac5ffffff', '872ab3af1ffffff', '872ab3ae2ffffff', '872ab3ae3ffffff']",10.015301973448148
65547.8705539139,70,61.99134811765728,14.877923548237748,3843.427548265115,5,33,41.081023,-81.514202,872ab3ac4ffffff,"['872ab3ac0ffffff', '872ab3ac4ffffff', '872ab3ac6ffffff', '872ab3ac5ffffff', '872ab3af1ffffff', '872ab3ae2ffffff', '872ab3ae3ffffff']",10.07359406911931
65643.90440234118,29,60.919586990241406,14.620700877657937,3904.3471352553565,5,32,41.081023,-81.514202,872ab3ac4ffffff,"['872ab3ac0ffffff', '872ab3ac4ffffff', '872ab3ac6ffffff', '872ab3ac5ffffff', '872ab3af1ffffff', '872ab3ae2ffffff', '872ab3ae3ffffff']",9.899432885914228
65721.76273122843,38,61.743762192315636,14.818502926155753,3966.090897447672,5,31,41.081023,-81.514202,872ab3ac4ffffff,"['872ab3ac0ffffff', '872ab3ac4ffffff', '872ab3ac6ffffff', '872ab3ac5ffffff', '872ab3af1ffffff', '872ab3ae2ffffff', '872ab3ae3ffffff']",10.03336135625129
65797.97122533279,12,61.12293738274887,14.669504971859729,4027.2138348304206,5,30,41.081023,-81.514202,872ab3ac4ffffff,"['872ab3ac0ffffff', '872ab3ac4ffffff', '872ab3ac6ffffff', '872ab3ac5ffffff', '872ab3af1ffffff', '872ab3ae2ffffff', '872ab3ae3ffffff']",9.932477324696691
66053.46834988725,9,60.73192069740948,14.575660967378274,4087.94575552783,5,29,41.081023,-81.514202,872ab3ac4ffffff,"['872ab3ac0ffffff', '872ab3ac4ffffff', '872ab3ac6ffffff', '872ab3ac5ffffff', '872ab3af1ffffff', '872ab3ae2ffffff', '872ab3ae3ffffff']",9.868937113329041
66441.26410719051,34,62.041218977542044,14.88989255461009,4149.986974505372,5,28,41.081023,-81.514202,872ab3ac4ffffff,"['872ab3ac0ffffff', '872ab3ac4ffffff', '872ab3ac6ffffff', '872ab3ac5ffffff', '872ab3af1ffffff', '872ab3ae2ffffff', '872ab3ae3ffffff']",10.081698083850583
66540.85446221617,18,62.28819860242979,14.94916766458315,4212.2751731078015,5,27,41.081023,-81.514202,872ab3ac4ffffff,"['872ab3ac0ffffff', '872ab3ac4ffffff', '872ab3ac6ffffff', '872ab3ac5ffffff', '872ab3af1ffffff', '872ab3ae2ffffff', '872ab3ae3ffffff']",10.12183227289484
66601.96851600475,23,61.12540172057821,14.67009641293877,4273.40057482838,5,26,41.081023,-81.514202,872ab3ac4ffffff,"['872ab3ac0ffffff', '872ab3ac4ffffff', '872ab3ac6ffffff', '872ab3ac5ffffff', '872ab3af1ffffff', '872ab3ae2ffffff', '872ab3ae3ffffff']",9.932877779593959
66687.54877345107,5,61.77621861932491,14.826292468637977,4335.176793447705,5,25,41.081023,-81.514202,872ab3ac4ffffff,"['872ab3ac0ffffff', '872ab3ac4ffffff', '872ab3ac6ffffff', '872ab3ac5ffffff', '872ab3af1ffffff', '872ab3ae2ffffff', '872ab3ae3ffffff']",10.038635525640299
66941.93540056158,56,61.69910074127231,14.807784177905356,4396.875894188977,5,24,41.081023,-81.514202,872ab3ac4ffffff,"['872ab3ac0ffffff', '872ab3ac4ffffff', '872ab3ac6ffffff', '872ab3ac5ffffff', '872ab3af1ffffff', '872ab3ae2ffffff', '872ab3ae3ffffff']",10.026103870456751
67322.83498921678,95,61.22020014071247,14.692848033770993,4458.09609432969,5,23,41.081023,-81.514202,872ab3ac4ffffff,"['872ab3ac0ffffff', '872ab3ac4ffffff', '872ab3ac6ffffff', '872ab3ac5ffffff', '872ab3af1ffffff', '872ab3ae2ffffff', '872ab3ae3ffffff']",9.948282522865776
67414.5782468394,30,60.67526282105773,14.562063077053855,4518.7713571507475,5,22,41.081023,-81.514202,872ab3ac4ffffff,"['872ab3ac0ffffff', '872ab3ac4ffffff', '872ab3ac6ffffff', '872ab3ac5ffffff', '872ab3af1ffffff', '872ab3ae2ffffff', '872ab3ae3ffffff']",9.859730208421881
67504.65296410912,77,62.686420007247634,15.044740801739433,4581.457777157995,5,21,41.081023,-81.514202,872ab3ac4ffffff,"['872ab3ac0ffffff', '872ab3ac4ffffff', '872ab3ac6ffffff', '872ab3ac5ffffff', '872ab3af1ffffff', '872ab3ae2ffffff', '872ab3ae3ffffff']",10.18654325117774
67559.62598378587,46,60.56091738436132,14.534620172246717,4642.018694542357,5,20,41.081023,-81.514202,872ab3ac4ffffff,"['872ab3ac0ffffff', '872ab3ac4ffffff', '872ab3ac6ffffff', '872ab3ac5ffffff', '872ab3af1ffffff', '872ab3ae2ffffff', '872ab3ae3ffffff']",9.841149074958714
67829.51155520562,65,61.637232961392044,14.79293591073409,4703.655927503749,5,19,41.081023,-81.514202,872ab3ac4ffffff,"['872ab3ac0ffffff', '872ab3ac4ffffff', '872ab3ac6ffffff', '872ab3ac5ffffff', '872ab3af1ffffff', '872ab3ae2ffffff', '872ab3ae3ffffff']",10.016050356226208
68223.34814652798,13,62.535635924388856,15.008552621853324,4766.191563428138,5,18,41.081023,-81.514202,872ab3ac4ffffff,"['872ab3ac0ffffff', '872ab3ac4ffffff', '872ab3ac6ffffff', '872ab3ac5ffffff', '872ab3af1ffffff', '872ab3ae2ffffff', '872ab3ae3ffffff']",10.162040837713189
68287.86068962712,33,60.644614082480274,14.554707379795266,4826.836177510618,5,17,41.081023,-81.514202,872ab3ac4ffffff,"['872ab3ac0ffffff', '872ab3ac4ffffff', '872ab3ac6ffffff', '872ab3ac5ffffff', '872ab3af1ffffff', '872ab3ae2ffffff', '872ab3ae3ffffff']",9.854749788403044
68372.58685514513,93,60.273186877500784,14.46556485060019,4887.109364388119,5,16,41.081023,-81.514202,872ab3ac4ffffff,"['872ab3ac0ffffff', '872ab3ac4ffffff', '872ab3ac6ffffff', '872ab3ac5ffffff', '872ab3af1ffffff', '872ab3ae2ffffff', '872ab3ae3ffffff']",9.794392867593878
68461.00678206289,69,62.59588876923774,15.02301330461706,4949.705253157356,5,15,41.081023,-81.514202,872ab3ac4ffffff,"['872ab3ac0ffffff', '872ab3ac4ffffff', '872ab3ac6ffffff', '872ab3ac5ffffff', '872ab3af1ffffff', '872ab3ae2ffffff', '872ab3ae3ffffff']",10.171831925001133
68718.1845243167,85,61.71340063271382,14.811216151851317,5011.4186537900705,5,14,41.081023,-81.514202,872ab3ac4ffffff,"['872ab3ac0ffffff', '872ab3ac4ffffff', '872ab3ac6ffffff', '872ab3ac5ffffff', '872ab3af1ffffff', '872ab3ae2ffffff', '872ab3ae3ffffff']",10.028427602815997
69114.01271413185,50,61.85170608360195,14.844409460064467,5073.2703598736725,5,13,41.081023,-81.514202,872ab3ac4ffffff,"['872ab3ac0ffffff', '872ab3ac4ffffff', '872ab3ac6ffffff', '872ab3ac5ffffff', '872ab3af1ffffff', '872ab3ae2ffffff', '872ab3ae3ffffff']",10.050902238585318
69180.43577935144,22,61.98438123085546,14.876251495405311,5135.254741104528,5,12,41.081023,-81.514202,872ab3ac4ffffff,"['872ab3ac0ffffff', '872ab3ac4ffffff', '872ab3ac6ffffff', '872ab3ac5ffffff', '872ab3af1ffffff', '872ab3ae2ffffff', '872ab3ae3ffffff']",10.072461950014013
69271.49073616843,54,62.423880626618285,14.981731350388388,5197.678621731146,5,11,41.081023,-81.514202,872ab3ac4ffffff,"['872ab3ac0ffffff', '872ab3ac4ffffff', '872ab3ac6ffffff', '872ab3ac5ffffff', '872ab3af1ffffff', '872ab3ae2ffffff', '872ab3ae3ffffff']",10.143880601825472
69342.3500106841,99,61.20439087647265,14.689053810353435,5258.883012607619,5,10,41.081023,-81.514202,872ab3ac4ffffff,"['872ab3ac0ffffff', '872ab3ac4ffffff', '872ab3ac6ffffff', '872ab3ac5ffffff', '872ab3af1ffffff', '872ab3ae2ffffff', '872ab3ae3ffffff']",9.945713517426807
69592.39898931925,86,60.70933784739872,14.570241083375693,5319.592350455017,5,9,41.081023,-81.514202,872ab3ac4ffffff,"['872ab3ac0ffffff', '872ab3ac4ffffff', '872ab3ac6ffffff', '872ab3ac5ffffff', '872ab3af1ffffff', '872ab3ae2ffffff', '872ab3ae3ffffff']",9.865267400202292
69990.93763509314,58,60.89756395564475,14.61541534935474,5380.489914410662,5,8,41.081023,-81.514202,872ab3ac4ffffff,"['872ab3ac0ffffff', '872ab3ac4ffffff', '872ab3ac6ffffff', '872ab3ac5ffffff', '872ab3af1ffffff', '872ab3ae2ffffff', '872ab3ae3ffffff']",9.895854142792272
70061.65929104594,39,61.19607720100764,14.687058528241835,5441.68599161167,5,7,41.081023,-81.514202,872ab3ac4ffffff,"['872ab3ac0ffffff', '872ab3ac4ffffff', '872ab3ac6ffffff', '872ab3ac5ffffff', '872ab3af1ffffff', '872ab3ae2ffffff', '872ab3ae3ffffff']",9.944362545163742
70142.04825165556,31,60.45538301993996,14.509291924785591,5502.14137463161,5,6,41.081023,-81.514202,872ab3ac4ffffff,"['872ab3ac0ffffff', '872ab3ac4ffffff', '872ab3ac6ffffff', '872ab3ac5ffffff', '872ab3af1ffffff', '872ab3ae2ffffff', '872ab3ae3ffffff']",9.823999740740243
70229.46547184356,98,61.605240358296435,14.785257685991144,5563.746614989906,5,5,41.081023,-81.514202,872ab3ac4ffffff,"['872ab3ac0ffffff', '872ab3ac4ffffff', '872ab3ac6ffffff', '872ab3ac5ffffff', '872ab3af1ffffff', '872ab3ae2ffffff', '872ab3ae3ffffff']",10.010851558223171
70501.9908094517,83,63.166098620308986,15.159863668874157,5626.912713610215,5,4,41.081023,-81.514202,872ab3ac4ffffff,"['872ab3ac0ffffff', '872ab3ac4ffffff', '872ab3ac6ffffff', '872ab3ac5ffffff', '872ab3af1ffffff', '872ab3ae2ffffff', '872ab3ae3ffffff']",10.264491025800211
70877.57933590094,60,61.572340333875005,14.777361680130001,5688.48505394409,5,3,41.081023,-81.514202,872ab3ac4ffffff,"['872ab3ac0ffffff', '872ab3ac4ffffff', '872ab3ac6ffffff', '872ab3ac5ffffff', '872ab3af1ffffff', '872ab3ae2ffffff', '872ab3ae3ffffff']",10.005505304254688
70958.13796973818,84,62.255463798072235,14.941311311537337,5750.740517742162,5,2,41.081023,-81.514202,872ab3ac4ffffff,"['872ab3ac0ffffff', '872ab3ac4ffffff', '872ab3ac6ffffff', '872ab3ac5ffffff', '872ab3af1ffffff', '872ab3ae2ffffff', '872ab3ae3ffffff']",10.116512867186739
71029.74728809319,89,61.64576641927953,14.794983940627088,5812.386284161442,5,1,41.081023,-81.514202,872ab3ac4ffffff,"['872ab3ac0ffffff', '872ab3ac4ffffff', '872ab3ac6ffffff', '872ab3ac5ffffff', '872ab3af1ffffff', '872ab3ae2ffffff', '872ab3ae3ffffff']",10.017437043132924
71112.13503926233,80,61.2964977374143,14.711159456979432,5873.682781898856,5,0,41.081023,-81.514202,872ab3ac4ffffff,"['872ab3ac0ffffff', '872ab3ac4ffffff', '872ab3ac6ffffff', '872ab3ac5ffffff', '872ab3af1ffffff', '872ab3ae2ffffff', '872ab3ae3ffffff']",9.960680882329823
71389.27286792082,73,61.61680961591112,14.78803430781867,5935.299591514767,4,0,41.081023,-81.514202,872ab3ac4ffffff,"['872ab3ac0ffffff', '872ab3ac4ffffff', '872ab3ac6ffffff', '872ab3ac5ffffff', '872ab3af1ffffff', '872ab3ae2ffffff', '872ab3ae3ffffff']",10.012731562585557
71763.73066156873,75,61.53828650470774,14.769188761129858,5996.837878019474,3,0,41.081023,-81.514202,872ab3ac4ffffff,"['872ab3ac0ffffff', '872ab3ac4ffffff', '872ab3ac6ffffff', '872ab3ac5ffffff', '872ab3af1ffffff', '872ab3ae2ffffff', '872ab3ae3ffffff']",9.999971557015009
71860.08769153693,76,62.635397347135196,15.032495363312446,6059.473275366609,2,0,41.081023,-81.514202,872ab3ac4ffffff,"['872ab3ac0ffffff', '872ab3ac4ffffff', '872ab3ac6ffffff', '872ab3ac5ffffff', '872ab3af1ffffff', '872ab3ae2ffffff', '872ab3ae3ffffff']",10.178252068909469
71927.07322518635,66,62.31430118702543,14.955432284886102,6121.787576553635,1,0,41.081023,-81.514202,872ab3ac4ffffff,"['872ab3ac0ffffff', '872ab3ac4ffffff', '872ab3ac6ffffff', '872ab3ac5ffffff', '872ab3af1ffffff', '872ab3ae2ffffff', '872ab3ae3ffffff']",10.126073942891633
